編號,屋齡,建物移轉面積平方公尺,主要用途,主要建材,建築完成日期,總層數,建物分層
The serial number,room age,building shifting area square meter,the main use,main building materials,construction completes the date,total layer,building lamination
RPQNMLLMIIPFFBJ38DA,12,83.30,住家用,鋼筋混凝土造,97年6月27日,十四層,五層
RPQNMLLMIIPFFBJ38DA,12,.01,見其他登記事項,鋼筋混凝土造,97年6月27日,十四層,一層
RPQNMLLMIIPFFBJ38DA,12,19.31,共有部分,鋼筋混凝土造,97年6月27日,十四層,
RPQNMLLMIIPFFBJ38DA,12,28.83,共有部分,鋼筋混凝土造,97年6月27日,十四層,
RPQNMLLMIIPFFBJ38DA,12,16.83,共有部分,鋼筋混凝土造,97年6月27日,14,
RPRTMLLKRHPFFBJ07DA,,71.18,見其他登記事項,鋼筋混凝土造,109年7月2日,十五層,八層
RPRTMLLKRHPFFBJ07DA,,8.84,見其他登記事項,鋼筋混凝土造,109年7月2日,十五層,
RPRTMLLKRHPFFBJ07DA,,13.20,見其他登記事項,鋼筋混凝土造,109年7月2日,十五層,
RPRTMLLKRHPFFBJ07DA,,46.73,見其他登記事項,鋼筋混凝土造,109年7月2日,十五層,
RPOTMLQJJIPFFBJ09DA,21,117.92,住家用,鋼筋混凝土造,88年7月23日,十二層,十層
RPOTMLQJJIPFFBJ09DA,21,37.29,共有部分,鋼筋混凝土造,88年7月23日,十二層,
RPOTMLQJJIPFFBJ09DA,21,17.34,共有部分,鋼筋混凝土造,88年7月23日,十二層,
RPXRMLOLRHPFFBJ87DA,,41.80,見其他登記事項,鋼筋混凝土造,109年7月2日,十五層,三層
RPXRMLOLRHPFFBJ87DA,,77.62,見其他登記事項,鋼筋混凝土造,109年7月2日,十五層,三層
RPXRMLOLRHPFFBJ87DA,,5.10,見其他登記事項,鋼筋混凝土造,109年7月2日,十五層,
RPXRMLOLRHPFFBJ87DA,,9.48,見其他登記事項,鋼筋混凝土造,109年7月2日,十五層,
RPXRMLOLRHPFFBJ87DA,,7.62,見其他登記事項,鋼筋混凝土造,109年7月2日,十五層,
RPXRMLOLRHPFFBJ87DA,,14.15,見其他登記事項,鋼筋混凝土造,109年7月2日,十五層,
RPXRMLOLRHPFFBJ87DA,,31.06,見其他登記事項,鋼筋混凝土造,109年7月2日,十五層,
RPXRMLOLRHPFFBJ87DA,,57.69,見其他登記事項,鋼筋混凝土造,109年7月2日,十五層,
RPPNMLRJJIPFFBJ68DA,,.03,見其他登記事項,鋼筋混凝土造,109年2月21日,二十九層,一層
RPPNMLRJJIPFFBJ68DA,,116.78,住家用,鋼筋混凝土造,109年2月21日,二十九層,十七層
RPPNMLRJJIPFFBJ68DA,,30.42,見其他登記事項,鋼筋混凝土造,109年2月21日,二十九層,
RPPNMLRJJIPFFBJ68DA,,29.04,見其他登記事項,鋼筋混凝土造,109年2月21日,二十九層,
RPPNMLRJJIPFFBJ68DA,,30.04,見其他登記事項,鋼筋混凝土造,109年2月21日,二十九層,
RPUQMLMJRHPFFBJ07DA,,.02,見其他登記事項,鋼筋混凝土造,109年2月21日,二十九層,一層
RPUQMLMJRHPFFBJ07DA,,.02,見其他登記事項,鋼筋混凝土造,109年2月21日,二十九層,一層
RPUQMLMJRHPFFBJ07DA,,52.26,住家用,鋼筋混凝土造,109年2月21日,二十九層,十一層
RPUQMLMJRHPFFBJ07DA,,52.26,住家用,鋼筋混凝土造,109年2月21日,二十九層,十一層
RPUQMLMJRHPFFBJ07DA,,15.21,見其他登記事項,鋼筋混凝土造,109年2月21日,二十九層,
RPUQMLMJRHPFFBJ07DA,,12.74,見其他登記事項,鋼筋混凝土造,109年2月21日,二十九層,
RPUQMLMJRHPFFBJ07DA,,12.74,見其他登記事項,鋼筋混凝土造,109年2月21日,二十九層,
RPUQMLMJRHPFFBJ07DA,,15.21,見其他登記事項,鋼筋混凝土造,109年2月21日,二十九層,
RPUQMLMJRHPFFBJ07DA,,12.72,見其他登記事項,鋼筋混凝土造,109年2月21日,二十九層,
RPUQMLMJRHPFFBJ07DA,,12.72,見其他登記事項,鋼筋混凝土造,109年2月21日,二十九層,
RPQNMLRJJIPFFBJ78DA,1,.06,見其他登記事項,鋼筋混凝土造,109年2月21日,二十九層,一層
RPQNMLRJJIPFFBJ78DA,1,120.59,住家用,鋼筋混凝土造,109年2月21日,二十九層,十七層
RPQNMLRJJIPFFBJ78DA,1,60.85,見其他登記事項,鋼筋混凝土造,109年2月21日,二十九層,
RPQNMLRJJIPFFBJ78DA,1,29.40,見其他登記事項,鋼筋混凝土造,109年2月21日,二十九層,
RPQNMLRJJIPFFBJ78DA,1,29.67,見其他登記事項,鋼筋混凝土造,109年2月21日,二十九層,
RPRNMLRJJIPFFBJ88DA,1,.06,見其他登記事項,鋼筋混凝土造,109年2月21日,二十九層,一層
RPRNMLRJJIPFFBJ88DA,1,122.18,住家用,鋼筋混凝土造,109年2月21日,二十九層,二十六層
RPRNMLRJJIPFFBJ88DA,1,60.85,見其他登記事項,鋼筋混凝土造,109年2月21日,二十九層,
RPRNMLRJJIPFFBJ88DA,1,29.76,見其他登記事項,鋼筋混凝土造,109年2月21日,二十九層,
RPRNMLRJJIPFFBJ88DA,1,30.10,見其他登記事項,鋼筋混凝土造,109年2月21日,二十九層,
RPSNMLRJJIPFFBJ98DA,,.03,見其他登記事項,鋼筋混凝土造,109年2月21日,二十九層,一層
RPSNMLRJJIPFFBJ98DA,,101.53,住家用,鋼筋混凝土造,109年2月21日,二十九層,十八層
RPSNMLRJJIPFFBJ98DA,,30.42,見其他登記事項,鋼筋混凝土造,109年2月21日,二十九層,
RPSNMLRJJIPFFBJ98DA,,24.77,見其他登記事項,鋼筋混凝土造,109年2月21日,二十九層,
RPSNMLRJJIPFFBJ98DA,,25.01,見其他登記事項,鋼筋混凝土造,109年2月21日,二十九層,
RPPNMLTJJIPFFBJ88DA,1,.06,見其他登記事項,鋼筋混凝土造,109年2月21日,二十九層,一層
RPPNMLTJJIPFFBJ88DA,1,121.58,住家用,鋼筋混凝土造,109年2月21日,二十九層,二十六層
RPPNMLTJJIPFFBJ88DA,1,60.85,見其他登記事項,鋼筋混凝土造,109年2月21日,二十九層,
RPPNMLTJJIPFFBJ88DA,1,29.76,見其他登記事項,鋼筋混凝土造,109年2月21日,二十九層,
RPPNMLTJJIPFFBJ88DA,1,29.67,見其他登記事項,鋼筋混凝土造,109年2月21日,二十九層,
RPQNMLTJJIPFFBJ98DA,1,.06,見其他登記事項,鋼筋混凝土造,109年2月21日,二十九層,一層
RPQNMLTJJIPFFBJ98DA,1,121.40,住家用,鋼筋混凝土造,109年2月21日,二十九層,二十八層
RPQNMLTJJIPFFBJ98DA,1,60.85,見其他登記事項,鋼筋混凝土造,109年2月21日,二十九層,
RPQNMLTJJIPFFBJ98DA,1,29.58,見其他登記事項,鋼筋混凝土造,109年2月21日,二十九層,
RPQNMLTJJIPFFBJ98DA,1,29.67,見其他登記事項,鋼筋混凝土造,109年2月21日,二十九層,
RPUTMLTJJIPFFBJ37DA,13,29.17,商業用,鋼筋混凝土造,96年8月27日,十層,四層
RPUTMLTJJIPFFBJ37DA,13,34.55,共有部分,鋼筋混凝土造,96年8月27日,十一層,
RPOPMLLLRHPFFBJ09DA,,117.78,見其他登記事項,鋼筋混凝土造,109年7月2日,十五層,十三層
RPOPMLLLRHPFFBJ09DA,,14.39,見其他登記事項,鋼筋混凝土造,109年7月2日,十五層,
RPOPMLLLRHPFFBJ09DA,,21.49,見其他登記事項,鋼筋混凝土造,109年7月2日,十五層,
RPOPMLLLRHPFFBJ09DA,,88.31,見其他登記事項,鋼筋混凝土造,109年7月2日,十五層,
RPOOMLLLRHPFFBJ98DA,,98.88,見其他登記事項,鋼筋混凝土造,109年7月2日,十五層,十一層
RPOOMLLLRHPFFBJ98DA,,12.08,見其他登記事項,鋼筋混凝土造,109年7月2日,十五層,
RPOOMLLLRHPFFBJ98DA,,18.03,見其他登記事項,鋼筋混凝土造,109年7月2日,十五層,
RPOOMLLLRHPFFBJ98DA,,51.89,見其他登記事項,鋼筋混凝土造,109年7月2日,十五層,
RPSQMLTJJIPFFBJ86DA,10,91.27,住家用,鋼筋混凝土造,99年12月14日,十三層,十二層
RPSQMLTJJIPFFBJ86DA,10,81.02,見其他登記事項,鋼筋混凝土造,99年12月14日,十五層,
RPSQMLTJJIPFFBJ86DA,10,17.21,見其他登記事項,鋼筋混凝土造,99年12月14日,十三層,
RPPOMLKKJIPFFBJ18DA,,119.12,住家用,鋼筋混凝土造,,五層,二層
RPPOMLKKJIPFFBJ18DA,,12.04,共有部分,鋼筋混凝土造,,五層,
RPPOMLKKJIPFFBJ18DA,,35.85,共有部分,鋼筋混凝土造,,地下層,
RPSOMLQJJIPFFCJ09DA,27,78.19,住家用,鋼筋混凝土造,82年9月18日,六層,六層
RPSOMLQJJIPFFCJ09DA,27,18.89,共有部分,鋼筋混凝土造,82年9月18日,六層,
RPSOMLQJJIPFFCJ09DA,27,11.34,共有部分,鋼筋混凝土造,82年9月18日,六層,
RPWQMLTJJIPFFBJ27DA,1,196.00,見其他登記事項,鋼筋混凝土造,109年2月18日,四層,一層 二層 三層 四層
RPUQMLTJJIPFFBJ07DA,1,190.58,見其他登記事項,鋼筋混凝土造,109年2月18日,四層,一層 二層 三層 四層
RPPNMLTJJIPFFCJ98DA,29,103.64,住家用,鋼筋混凝土造,80年12月13日,七層,七層
RPPNMLTJJIPFFCJ98DA,29,24.29,共有部分,鋼筋混凝土造,80年12月13日,七層,
RPXPMLTJJIPFFBJ27DA,12,22.05,商業用,鋼筋混凝土造,98年1月23日,七層,二層
RPXPMLTJJIPFFBJ27DA,12,11.96,共有部分,鋼筋混凝土造,98年1月23日,七層,
RPXNMLPLRHPFFDJ77DA,24,90.89,住家用,鋼筋混凝土造,85年6月24日,五層,三層
RPXNMLPLRHPFFDJ77DA,24,20.47,共有部分,鋼筋混凝土造,85年6月24日,五層,
RPXNMLPLRHPFFDJ77DA,24,33.98,共有部分,鋼筋混凝土造,85年6月24日,五層,
RPQNMLQJJIPFFDJ88DA,,142.00,見其他登記事項,加強磚造,,三層,一層 二層
RPTNMLPKIIPFFDJ09DA,9,66.73,住家用,鋼筋混凝土造,100年10月15日,五層,五層
RPTNMLPKIIPFFDJ09DA,9,13.32,見其他登記事項,鋼筋混凝土造,100年10月15日,五層,
RPWOMLPJJIPFFDJ86DA,25,156.85,住家用,鋼筋混凝土造,85年3月5日,三層,一層 二層 三層
RPUNMLPJJIPFFDJ56DA,5,142.42,見其他登記事項,鋼筋混凝土造,104年7月25日,三層,一層 二層 三層
RPTUMLTJJIPFFBJ47EA,12,139.60,住家用,鋼筋混凝土造,96年11月9日,十二層,四層
RPTUMLTJJIPFFBJ47EA,12,70.57,共有部分,鋼筋混凝土造,96年11月9日,十二層,
RPPNMLSJJIPFFDJ98DA,12,49.67,見其他登記事項,鋼筋混凝土造,97年6月1日,五層,三層
RPPNMLSJJIPFFDJ98DA,12,11.07,見其他登記事項,鋼筋混凝土造,97年6月1日,五層,
RPUUMLTJJIPFFBJ57EA,15,.20,見其他登記事項,鋼筋混凝土造,94年5月23日,十層,一層
RPUUMLTJJIPFFBJ57EA,15,107.97,住家用,鋼筋混凝土造,94年5月23日,十層,八層
RPUUMLTJJIPFFBJ57EA,15,.03,共有部分,鋼筋混凝土造,94年5月23日,十層,
RPUUMLTJJIPFFBJ57EA,15,15.20,共有部分,鋼筋混凝土造,94年5月23日,十層,
RPUUMLTJJIPFFBJ57EA,15,24.82,共有部分,鋼筋混凝土造,94年5月23日,十層,
RPUUMLTJJIPFFBJ57EA,15,23.86,共有部分,鋼筋混凝土造,94年5月23日,十層,
RPXOMLQJJIPFFBJ96EA,12,.05,商業用,鋼筋混凝土造,98年1月6日,十四層,一層
RPXOMLQJJIPFFBJ96EA,12,113.04,住家用,鋼筋混凝土造,98年1月6日,十四層,四層
RPXOMLQJJIPFFBJ96EA,12,.01,共有部分,鋼筋混凝土造,98年1月6日,十四層,
RPXOMLQJJIPFFBJ96EA,12,33.42,共有部分,鋼筋混凝土造,98年1月6日,十四層,
RPXOMLQJJIPFFBJ96EA,12,31.27,共有部分,鋼筋混凝土造,98年1月6日,十四層,
RPXOMLQJJIPFFBJ96EA,12,15.48,共有部分,鋼筋混凝土造,98年1月6日,十四層,
RPUNMLOJJIPFFDJ09DA,8,186.61,見其他登記事項,鋼筋混凝土造,101年4月18日,四層,一層 二層 三層 四層
RPUOMLMJJIPFFDJ98DA,25,83.99,住家用,鋼筋混凝土造,84年8月30日,五層,一層
RPUOMLMJJIPFFDJ98DA,25,4.80,共有部分,鋼筋混凝土造,84年8月30日,五層,
RPUOMLMJJIPFFDJ98DA,25,1.38,共有部分,鋼筋混凝土造,84年8月30日,五層,
RPSNMLTJJIPFFDJ86EA,,84.57,農舍,加強磚造,,二層,一層 二層 屋頂突出物
RPSNMLTJJIPFFDJ86EA,,84.57,農舍,加強磚造,,二層,一層 二層 屋頂突出物
RPSNMLTJJIPFFDJ86EA,,84.57,農舍,加強磚造,,二層,一層 二層 屋頂突出物
RPQPMLKKJIPFFBJ48EA,7,47.29,住家用,鋼筋混凝土造,103年1月27日,十四層,二層
RPQPMLKKJIPFFBJ48EA,7,37.81,見其他登記事項,鋼筋混凝土造,103年1月27日,十四層,
RPOOMLKKJIPFFBJ18EA,24,91.57,住家用,鋼筋混凝土造,85年7月5日,九層,八層
RPOOMLKKJIPFFBJ18EA,24,11.18,共有部分,鋼筋混凝土造,85年7月5日,九層,
RPOOMLKKJIPFFBJ18EA,24,34.13,共有部分,鋼筋混凝土造,85年7月5日,九層,
RPQRMLKKJIPFFBJ68EA,4,.10,見其他登記事項,鋼筋混凝土造,106年1月9日,十四層,一層
RPQRMLKKJIPFFBJ68EA,4,114.45,住家用,鋼筋混凝土造,106年1月9日,十四層,十二層
RPQRMLKKJIPFFBJ68EA,4,25.18,見其他登記事項,鋼筋混凝土造,106年1月9日,十四層,
RPQRMLKKJIPFFBJ68EA,4,60.43,見其他登記事項,鋼筋混凝土造,106年1月9日,十四層,
RPTRMLKKJIPFFBJ98EA,3,71.86,住家用,鋼筋混凝土造,106年7月5日,二十層,一層
RPTRMLKKJIPFFBJ98EA,3,8.66,見其他登記事項,鋼筋混凝土造,106年7月5日,二十二層,
RPTRMLKKJIPFFBJ98EA,3,30.92,見其他登記事項,鋼筋混凝土造,106年7月5日,二十層,
RPTRMLKKJIPFFBJ98EA,3,3.85,見其他登記事項,鋼筋混凝土造,106年7月5日,二十二層,
RPXOMLTJJIPFFCJ37EA,7,353.77,住家用,鋼筋混凝土造,102年7月5日,五層,一層 二層 三層 四層 五層
RPVNMLTJJIPFFCJ07EA,,309.69,住家用,鋼筋混凝土造,,三層,一層 二層 三層
RPRNMLTJJIPFFCJ66EA,,94.14,住商用,鋼筋混凝土造,,二層,一層 二層
RPVNMLLKJIPFFBJ88EA,13,33.00,住家用,鋼筋混凝土造,96年12月28日,八層,六層
RPVNMLLKJIPFFBJ88EA,13,45.91,共有部分,鋼筋混凝土造,96年12月28日,九層,
RPVNMLLKJIPFFBJ88EA,13,10.43,共有部分,鋼筋混凝土造,96年12月28日,八層,
RPSPMLTJJIPFFDJ96DA,5,224.46,見其他登記事項,鋼筋混凝土造,104年10月15日,三層,一層 二層 三層 屋頂突出物
RPVPMLTJJIPFFDJ27DA,14,212.46,見其他登記事項,鋼筋混凝土造,95年4月25日,四層,一層 二層 三層 四層
RPWNMLKKJIPFFDJ98DA,28,289.47,農舍,鋼筋混凝土加強磚造,81年10月30日,二層,一層 二層 騎樓
RPPNMLQJJIPFFDJ78DA,,130.96,住家用,加強磚造,,二層,一層 二層 騎樓
RPUOMLPJJIPFFDJ66DA,3,203.67,見其他登記事項,鋼筋混凝土造,106年10月5日,四層,一層 二層 三層 四層 屋頂突出物
RPQOMLKMIIPFFDJ58DA,,377.37,住商用,加強磚造,,三層,一層 二層 三層 騎樓
RPWWMLLKJIPFFCJ27DA,4,95.85,見其他登記事項,鋼筋混凝土造,105年6月24日,七層,二層
RPWWMLLKJIPFFCJ27DA,4,17.25,見其他登記事項,鋼筋混凝土造,105年6月24日,七層,
RPWWMLLKJIPFFCJ27DA,4,61.90,見其他登記事項,鋼筋混凝土造,105年6月24日,七層,
RPTQMLTJJIPFFBJ96DA,9,293.23,住商用,鋼筋混凝土造,101年3月3日,五層,一層 二層 三層 四層 五層 屋頂突出物 見其他登記事項
RPSOMLQJJIPFFBJ98DA,,85.46,見其他登記事項,鋼筋混凝土造,109年8月19日,十四層,十一層
RPSOMLQJJIPFFBJ98DA,,71.19,見其他登記事項,鋼筋混凝土造,109年8月19日,十四層,
RPPOMLQJJIPFFBJ68DA,,64.72,見其他登記事項,鋼筋混凝土造,109年8月19日,十四層,三層
RPPOMLQJJIPFFBJ68DA,,61.13,見其他登記事項,鋼筋混凝土造,109年8月19日,十四層,
RPROMLQJJIPFFBJ88DA,,85.46,見其他登記事項,鋼筋混凝土造,109年8月19日,十四層,四層
RPROMLQJJIPFFBJ88DA,,71.19,見其他登記事項,鋼筋混凝土造,109年8月19日,十四層,
RPSUMLTJJIPFFBJ27DA,4,50.52,住家用,鋼筋混凝土造,105年11月1日,二十三層,二十二層
RPSUMLTJJIPFFBJ27DA,4,38.34,見其他登記事項,鋼筋混凝土造,105年11月1日,二十三層,
RPSUMLTJJIPFFBJ27DA,4,17.45,見其他登記事項,鋼筋混凝土造,105年11月1日,二十三層,
RPTOMLQJJIPFFBJ09DA,,85.46,見其他登記事項,鋼筋混凝土造,109年8月19日,十四層,二層
RPTOMLQJJIPFFBJ09DA,,66.50,見其他登記事項,鋼筋混凝土造,109年8月19日,十四層,
RPQOMLQJJIPFFBJ78DA,,85.46,見其他登記事項,鋼筋混凝土造,109年8月19日,十四層,三層
RPQOMLQJJIPFFBJ78DA,,71.19,見其他登記事項,鋼筋混凝土造,109年8月19日,十四層,
RPUOMLQJJIPFFBJ56DA,,85.46,見其他登記事項,鋼筋混凝土造,109年8月19日,十四層,三層
RPUOMLQJJIPFFBJ56DA,,71.19,見其他登記事項,鋼筋混凝土造,109年8月19日,十四層,
RPWOMLQJJIPFFBJ76DA,,85.46,見其他登記事項,鋼筋混凝土造,109年8月19日,十四層,九層
RPWOMLQJJIPFFBJ76DA,,71.19,見其他登記事項,鋼筋混凝土造,109年8月19日,十四層,
RPXOMLQJJIPFFBJ86DA,,85.46,見其他登記事項,鋼筋混凝土造,109年8月19日,十四層,二層
RPXOMLQJJIPFFBJ86DA,,100.99,見其他登記事項,鋼筋混凝土造,109年8月19日,十四層,
RPVOMLQJJIPFFBJ66DA,,85.46,見其他登記事項,鋼筋混凝土造,109年8月19日,十四層,四層
RPVOMLQJJIPFFBJ66DA,,71.19,見其他登記事項,鋼筋混凝土造,109年8月19日,十四層,
RPPPMLQJJIPFFBJ78DA,,85.46,見其他登記事項,鋼筋混凝土造,109年8月19日,十四層,五層
RPPPMLQJJIPFFBJ78DA,,71.19,見其他登記事項,鋼筋混凝土造,109年8月19日,十四層,
RPSPMLQJJIPFFBJ09DA,,85.46,見其他登記事項,鋼筋混凝土造,109年8月19日,十四層,十二層
RPSPMLQJJIPFFBJ09DA,,71.19,見其他登記事項,鋼筋混凝土造,109年8月19日,十四層,
RPQPMLQJJIPFFBJ88DA,,85.46,見其他登記事項,鋼筋混凝土造,109年8月19日,十四層,八層
RPQPMLQJJIPFFBJ88DA,,71.19,見其他登記事項,鋼筋混凝土造,109年8月19日,十四層,
RPUPMLQJJIPFFBJ66DA,,85.46,見其他登記事項,鋼筋混凝土造,109年8月19日,十四層,三層
RPUPMLQJJIPFFBJ66DA,,68.87,見其他登記事項,鋼筋混凝土造,109年8月19日,十四層,
RPTPMLQJJIPFFBJ56DA,,85.46,見其他登記事項,鋼筋混凝土造,109年8月19日,十四層,十三層
RPTPMLQJJIPFFBJ56DA,,68.87,見其他登記事項,鋼筋混凝土造,109年8月19日,十四層,
RPVPMLQJJIPFFBJ76DA,,85.46,見其他登記事項,鋼筋混凝土造,109年8月19日,十四層,七層
RPVPMLQJJIPFFBJ76DA,,71.19,見其他登記事項,鋼筋混凝土造,109年8月19日,十四層,
RPWPMLQJJIPFFBJ86DA,,85.46,見其他登記事項,鋼筋混凝土造,109年8月19日,十四層,九層
RPWPMLQJJIPFFBJ86DA,,71.19,見其他登記事項,鋼筋混凝土造,109年8月19日,十四層,
RPQQMLQJJIPFFBJ98DA,,85.46,見其他登記事項,鋼筋混凝土造,109年8月19日,十四層,十二層
RPQQMLQJJIPFFBJ98DA,,77.14,見其他登記事項,鋼筋混凝土造,109年8月19日,十四層,
RPRQMLQJJIPFFBJ09DA,,85.46,見其他登記事項,鋼筋混凝土造,109年8月19日,十四層,十三層
RPRQMLQJJIPFFBJ09DA,,71.19,見其他登記事項,鋼筋混凝土造,109年8月19日,十四層,
RPSQMLQJJIPFFBJ56DA,,64.72,見其他登記事項,鋼筋混凝土造,109年8月19日,十四層,四層
RPSQMLQJJIPFFBJ56DA,,58.81,見其他登記事項,鋼筋混凝土造,109年8月19日,十四層,
RPXPMLQJJIPFFBJ96DA,,42.73,見其他登記事項,鋼筋混凝土造,109年8月19日,十四層,十一層
RPXPMLQJJIPFFBJ96DA,,42.73,見其他登記事項,鋼筋混凝土造,109年8月19日,十四層,十一層
RPXPMLQJJIPFFBJ96DA,,35.59,見其他登記事項,鋼筋混凝土造,109年8月19日,十四層,
RPXPMLQJJIPFFBJ96DA,,35.59,見其他登記事項,鋼筋混凝土造,109年8月19日,十四層,
RPTQMLQJJIPFFBJ66DA,,64.72,見其他登記事項,鋼筋混凝土造,109年8月19日,十四層,五層
RPTQMLQJJIPFFBJ66DA,,61.13,見其他登記事項,鋼筋混凝土造,109年8月19日,十四層,
RPVQMLQJJIPFFBJ86DA,,64.72,見其他登記事項,鋼筋混凝土造,109年8月19日,十四層,七層
RPVQMLQJJIPFFBJ86DA,,61.13,見其他登記事項,鋼筋混凝土造,109年8月19日,十四層,
RPXQMLQJJIPFFBJ07DA,,64.72,見其他登記事項,鋼筋混凝土造,109年8月19日,十四層,三層
RPXQMLQJJIPFFBJ07DA,,61.13,見其他登記事項,鋼筋混凝土造,109年8月19日,十四層,
RPWQMLQJJIPFFBJ96DA,,64.72,見其他登記事項,鋼筋混凝土造,109年8月19日,十四層,八層
RPWQMLQJJIPFFBJ96DA,,61.13,見其他登記事項,鋼筋混凝土造,109年8月19日,十四層,
RPPRMLQJJIPFFBJ98DA,,64.72,見其他登記事項,鋼筋混凝土造,109年8月19日,十四層,九層
RPPRMLQJJIPFFBJ98DA,,61.13,見其他登記事項,鋼筋混凝土造,109年8月19日,十四層,
RPORMLQJJIPFFBJ88DA,,64.72,見其他登記事項,鋼筋混凝土造,109年8月19日,十四層,八層
RPORMLQJJIPFFBJ88DA,,61.13,見其他登記事項,鋼筋混凝土造,109年8月19日,十四層,
RPQRMLQJJIPFFBJ09DA,,64.72,見其他登記事項,鋼筋混凝土造,109年8月19日,十四層,十層
RPQRMLQJJIPFFBJ09DA,,58.81,見其他登記事項,鋼筋混凝土造,109年8月19日,十四層,
RPRRMLQJJIPFFBJ56DA,,64.72,見其他登記事項,鋼筋混凝土造,109年8月19日,十四層,十二層
RPRRMLQJJIPFFBJ56DA,,56.44,見其他登記事項,鋼筋混凝土造,109年8月19日,十四層,
RPVNMLKLIIPFFBJ68DA,3,44.69,見其他登記事項,見其他登記事項,106年6月26日,十三層,
RPOPMLMLIIPFFBJ38DA,9,.15,見其他登記事項,鋼筋混凝土造,100年3月11日,十層,一層
RPOPMLMLIIPFFBJ38DA,9,.15,見其他登記事項,鋼筋混凝土造,100年3月11日,十層,一層
RPOPMLMLIIPFFBJ38DA,9,49.32,住家用,鋼筋混凝土造,100年3月11日,十層,七層
RPOPMLMLIIPFFBJ38DA,9,49.32,住家用,鋼筋混凝土造,100年3月11日,十層,七層
RPOPMLMLIIPFFBJ38DA,9,6.49,見其他登記事項,鋼筋混凝土造,100年3月11日,十層,
RPOPMLMLIIPFFBJ38DA,9,.00,見其他登記事項,鋼筋混凝土造,100年3月11日,十層,
RPOPMLMLIIPFFBJ38DA,9,6.49,見其他登記事項,鋼筋混凝土造,100年3月11日,十層,
RPOPMLMLIIPFFBJ38DA,9,.00,見其他登記事項,鋼筋混凝土造,100年3月11日,十層,
RPOPMLMLIIPFFBJ38DA,9,10.03,見其他登記事項,鋼筋混凝土造,100年3月11日,十層,
RPOPMLMLIIPFFBJ38DA,9,12.57,見其他登記事項,鋼筋混凝土造,100年3月11日,十層,
RPOPMLMLIIPFFBJ38DA,9,10.03,見其他登記事項,鋼筋混凝土造,100年3月11日,十層,
RPOPMLMLIIPFFBJ38DA,9,12.57,見其他登記事項,鋼筋混凝土造,100年3月11日,十層,
RPPOMLKLIIPFFBJ18DA,3,44.69,見其他登記事項,見其他登記事項,106年6月26日,十三層,
RPPPMLSJIIPFFBJ88DA,7,145.14,住家用,鋼筋混凝土造,102年5月16日,二十四層,四層
RPPPMLSJIIPFFBJ88DA,7,130.58,見其他登記事項,鋼筋混凝土造,102年5月16日,二十四層,
RPPPMLSJIIPFFBJ88DA,7,.72,見其他登記事項,鋼筋混凝土造,102年5月16日,二十四層,
RPVNMLKMIIPFFBJ78DA,,199.33,見其他登記事項,鋼筋混凝土造,109年6月20日,四層,一層 二層 三層 四層 屋頂突出物
RPPNMLTKIIPFFBJ88DA,,162.11,商業用,加強磚造,,三層,一層 二層 三層 騎樓
RPXPMLKMIIPFFBJ56DA,1,39.86,住家用,鋼筋混凝土造,108年10月14日,二十三層,二十一層
RPXPMLKMIIPFFBJ56DA,1,22.24,見其他登記事項,鋼筋混凝土造,108年10月14日,二十三層,
RPXPMLKMIIPFFBJ56DA,1,35.92,見其他登記事項,鋼筋混凝土造,108年10月14日,二十三層,
RPXPMLKMIIPFFBJ56DA,1,3.31,見其他登記事項,鋼筋混凝土造,108年10月14日,二十三層,
RPOQMLKMIIPFFBJ38DA,1,40.00,住家用,鋼筋混凝土造,108年10月14日,二十三層,二十二層
RPOQMLKMIIPFFBJ38DA,1,22.24,見其他登記事項,鋼筋混凝土造,108年10月14日,二十三層,
RPOQMLKMIIPFFBJ38DA,1,17.96,見其他登記事項,鋼筋混凝土造,108年10月14日,二十三層,
RPOQMLKMIIPFFBJ38DA,1,3.31,見其他登記事項,鋼筋混凝土造,108年10月14日,二十三層,
RPWSMLOLRHPFFBJ87DA,13,227.55,住商用,鋼筋混凝土造,96年4月26日,四層,一層 二層 三層 四層 屋頂突出物
RPQNMLQLIIPFFBJ78DA,24,64.93,住家用,鋼筋混凝土造,85年8月21日,九層,七層
RPQNMLQLIIPFFBJ78DA,24,37.02,共有部分,鋼筋混凝土造,85年8月21日,十層,
RPQNMLQLIIPFFBJ78DA,24,7.84,共有部分,鋼筋混凝土造,85年8月21日,九層,
RPQTMLMJJIPFFBJ88DA,12,.02,見其他登記事項,鋼筋混凝土造,97年5月15日,十二層,一層
RPQTMLMJJIPFFBJ88DA,12,71.39,商業用,鋼筋混凝土造,97年5月15日,十二層,二層
RPQTMLMJJIPFFBJ88DA,12,27.97,共有部分,鋼筋混凝土造,97年5月15日,十二層,
RPQTMLMJJIPFFBJ88DA,12,9.98,共有部分,鋼筋混凝土造,97年5月15日,十二層,
RPQTMLMJJIPFFBJ88DA,12,15.45,共有部分,鋼筋混凝土造,97年5月15日,十二層,
RPVNMLMJJIPFFBJ78DA,,184.64,見其他登記事項,鋼筋混凝土造,109年9月28日,四層,一層 二層 三層 四層 屋頂突出物
RPUNMLMJJIPFFBJ68DA,,184.64,見其他登記事項,鋼筋混凝土造,109年9月28日,四層,一層 二層 三層 四層 屋頂突出物
RPROMLMJJIPFFBJ48DA,,217.41,見其他登記事項,鋼筋混凝土造,109年9月28日,四層,一層 二層 三層 四層 屋頂突出物
RPSNMLMJJIPFFBJ48DA,,186.46,見其他登記事項,鋼筋混凝土造,109年9月28日,四層,一層 二層 三層 四層 屋頂突出物
RPQNMLNJJIPFFBJ38DA,,234.27,見其他登記事項,鋼筋混凝土造,109年9月28日,四層,一層 二層 三層 四層 屋頂突出物
RPVSMLMJJIPFFBJ66DA,,184.64,見其他登記事項,鋼筋混凝土造,109年9月28日,四層,一層 二層 三層 四層 屋頂突出物
RPOQMLMJJIPFFBJ38DA,,184.64,見其他登記事項,鋼筋混凝土造,109年9月28日,四層,一層 二層 三層 四層 屋頂突出物
RPXSMLQJJIPFFBJ27DA,,64.72,見其他登記事項,鋼筋混凝土造,109年8月19日,十四層,六層
RPXSMLQJJIPFFBJ27DA,,61.13,見其他登記事項,鋼筋混凝土造,109年8月19日,十四層,
RPQQMLMJJIPFFBJ58DA,,221.07,見其他登記事項,鋼筋混凝土造,109年9月28日,四層,一層 二層 三層 四層 屋頂突出物
RPWSMLQJJIPFFBJ17DA,,85.46,見其他登記事項,鋼筋混凝土造,109年8月19日,十四層,十層
RPWSMLQJJIPFFBJ17DA,,71.19,見其他登記事項,鋼筋混凝土造,109年8月19日,十四層,
RPSQMLMJJIPFFBJ78DA,,214.15,見其他登記事項,鋼筋混凝土造,109年9月28日,四層,一層 二層 三層 四層 屋頂突出物
RPXOMLNJJIPFFBJ56DA,8,69.13,住家用,鋼筋混凝土造,101年10月12日,十五層,十層
RPXOMLNJJIPFFBJ56DA,8,51.94,見其他登記事項,鋼筋混凝土造,101年10月12日,十五層,
RPXOMLNJJIPFFBJ56DA,8,18.47,見其他登記事項,鋼筋混凝土造,101年10月12日,十五層,
RPUPMLMJJIPFFBJ88DA,,180.92,見其他登記事項,鋼筋混凝土造,109年9月28日,四層,一層 二層 三層 四層 屋頂突出物
RPWNMLKKJIPFFBJ78DA,16,37.59,住家用,鋼筋混凝土造,93年6月11日,十四層,十四層
RPWNMLKKJIPFFBJ78DA,16,.02,見其他登記事項,鋼筋混凝土造,93年6月11日,十四層,地下一層
RPWNMLKKJIPFFBJ78DA,16,6.35,共有部分,鋼筋混凝土造,93年6月11日,十四層,
RPWNMLKKJIPFFBJ78DA,16,15.99,共有部分,鋼筋混凝土造,93年6月11日,十四層,
RPWNMLKKJIPFFBJ78DA,16,10.61,共有部分,鋼筋混凝土造,93年6月11日,十四層,
RPWNMLKKJIPFFBJ78DA,16,.00,共有部分,鋼筋混凝土造,93年6月11日,十四層,
RPTSMLMJJIPFFBJ09DA,,92.32,見其他登記事項,鋼筋混凝土造,109年9月28日,四層,一層 二層 三層 四層 屋頂突出物
RPTSMLMJJIPFFBJ09DA,,92.32,見其他登記事項,鋼筋混凝土造,109年9月28日,四層,一層 二層 三層 四層 屋頂突出物
RPPNMLLKJIPFFBJ18DA,5,118.42,住家用,鋼筋混凝土造,104年8月9日,十四層,十四層
RPPNMLLKJIPFFBJ18DA,5,106.54,見其他登記事項,鋼筋混凝土造,104年8月9日,十四層,
RPRSMLKKJIPFFBJ78DA,5,195.59,住家用,鋼筋混凝土造,105年1月11日,二十一層,九層
RPRSMLKKJIPFFBJ78DA,5,44.29,見其他登記事項,鋼筋混凝土造,105年1月11日,二十一層,
RPRSMLKKJIPFFBJ78DA,5,52.88,見其他登記事項,鋼筋混凝土造,105年1月11日,二十一層,
RPRSMLKKJIPFFBJ78DA,5,79.32,見其他登記事項,鋼筋混凝土造,105年1月11日,二十一層,
RPVPOLLKJIPFFCJ66DA,12,115.29,住家用,鋼筋混凝土造,97年9月16日,七層,三層
RPVPOLLKJIPFFCJ66DA,12,48.63,共用部分,鋼筋混凝土造,97年9月16日,七層,
RPPPMLTJJIPFFCJ56DA,,236.82,見其他登記事項,鋼筋混凝土造,109年6月23日,四層,一層 二層 三層 四層 見其他登記事項
RPRPMLTJJIPFFCJ76DA,,236.57,見其他登記事項,鋼筋混凝土造,109年6月23日,四層,一層 二層 三層 四層 見其他登記事項
RPTNMLLKJIPFFDJ78DA,24,81.98,住家用,鋼筋混凝土造,85年7月11日,五層,五層
RPTNMLLKJIPFFDJ78DA,24,8.21,共有部分,鋼筋混凝土造,85年7月11日,五層,
RPTNMLLKJIPFFDJ78DA,24,36.97,停車空間,鋼筋混凝土造,85年7月11日,五層,
RPQOMLLKJIPFFBJ48EA,3,95.65,住家用,鋼筋混凝土造,106年9月15日,十四層,三層
RPQOMLLKJIPFFBJ48EA,3,83.05,見其他登記事項,鋼筋混凝土造,106年9月15日,十三層,
RPROMLLKJIPFFBJ58EA,12,.05,商業用,鋼筋混凝土造,98年1月6日,十四層,一層
RPROMLLKJIPFFBJ58EA,12,102.29,住家用,鋼筋混凝土造,98年1月6日,十四層,四層
RPROMLLKJIPFFBJ58EA,12,.01,共有部分,鋼筋混凝土造,98年1月6日,十四層,
RPROMLLKJIPFFBJ58EA,12,30.31,共有部分,鋼筋混凝土造,98年1月6日,十四層,
RPSRMLKKJIPFFBJ88EA,3,198.84,見其他登記事項,鋼筋混凝土造,106年7月12日,十三層,九層
RPROMLLKJIPFFBJ58EA,12,31.27,共有部分,鋼筋混凝土造,98年1月6日,十四層,
RPSRMLKKJIPFFBJ88EA,3,27.00,見其他登記事項,鋼筋混凝土造,106年7月12日,十三層,
RPROMLLKJIPFFBJ58EA,12,13.66,共有部分,鋼筋混凝土造,98年1月6日,十四層,
RPSRMLKKJIPFFBJ88EA,3,61.23,見其他登記事項,鋼筋混凝土造,106年7月12日,十三層,
RPSRMLKKJIPFFBJ88EA,3,107.54,見其他登記事項,鋼筋混凝土造,106年7月12日,十三層,
RPSRMLKKJIPFFBJ88EA,3,73.17,見其他登記事項,鋼筋混凝土造,106年7月12日,十三層,
RPPOMLTJJIPFFCJ09DA,,233.20,見其他登記事項,鋼筋混凝土造,109年6月23日,四層,一層 二層 三層 四層 見其他登記事項
RPTOMLLKJIPFFBJ78EA,25,.27,住家用,鋼筋混凝土造,84年11月16日,八層,一層
RPTOMLLKJIPFFBJ78EA,25,82.80,住家用,鋼筋混凝土造,84年11月16日,八層,四層
RPTOMLLKJIPFFBJ78EA,25,10.60,共有部分,鋼筋混凝土造,84年11月16日,八層,
RPTOMLLKJIPFFBJ78EA,25,5.64,共有部分,鋼筋混凝土造,84年11月16日,八層,
RPTOMLLKJIPFFBJ78EA,25,11.71,共有部分,鋼筋混凝土造,84年11月16日,八層,
RPOOMLPJIIPFFDJ58DA,5,189.64,住家用,鋼筋混凝土造,104年11月18日,四層,一層 二層 三層 四層
RPXNMLLKJIPFFDJ66EA,1,77.75,見其他登記事項,鋼筋混凝土造,108年5月30日,五層,五層
RPXNMLLKJIPFFDJ66EA,1,19.35,停車空間,鋼筋混凝土造,108年5月30日,五層,
RPXNMLLKJIPFFDJ66EA,1,12.45,見其他登記事項,鋼筋混凝土造,108年5月30日,五層,
RPOOMLTJJIPFFBJ98EA,,108.70,見其他登記事項,鋼筋混凝土造,109年9月28日,四層,一層 二層 三層 四層 屋頂突出物
RPOOMLTJJIPFFBJ98EA,,108.70,見其他登記事項,鋼筋混凝土造,109年9月28日,四層,一層 二層 三層 四層 屋頂突出物
RPORMLTJJIPFFBJ66EA,,183.89,見其他登記事項,鋼筋混凝土造,109年8月13日,四層,一層 二層 三層 四層
RPPRMLTJJIPFFBJ76EA,,224.02,見其他登記事項,鋼筋混凝土造,109年8月13日,四層,一層 二層 三層 四層
RPWPMLTJJIPFFDJ37DA,10,67.07,見其他登記事項,鋼筋混凝土造,99年8月26日,五層,二層
RPWPMLTJJIPFFDJ37DA,10,11.53,見其他登記事項,鋼筋混凝土造,99年8月26日,五層,
RPQOMLMKJIPFFDJ78EA,,83.06,見其他登記事項,鋼筋混凝土造,109年5月29日,四層,一層 二層 三層 四層
RPRRMLTJJIPFFBJ96EA,,183.89,見其他登記事項,鋼筋混凝土造,109年8月13日,四層,一層 二層 三層 四層
RPSOMLMKJIPFFDJ98EA,11,266.78,見其他登記事項,鋼筋混凝土造,98年11月15日,四層,一層 二層 三層 四層 地下層
RPSRMLTJJIPFFBJ07EA,,181.34,見其他登記事項,鋼筋混凝土造,109年8月13日,四層,一層 二層 三層 四層
RPTRMLTJJIPFFBJ17EA,,181.34,見其他登記事項,鋼筋混凝土造,109年8月13日,四層,一層 二層 三層 四層
RPWRMLTJJIPFFBJ47EA,,152.88,見其他登記事項,鋼筋混凝土造,109年8月13日,四層,一層 二層 三層 四層
RPPSMLTJJIPFFBJ86EA,,147.10,見其他登記事項,鋼筋混凝土造,109年8月13日,四層,一層 二層 三層 四層
RPURMLTJJIPFFBJ27EA,,233.67,見其他登記事項,鋼筋混凝土造,109年8月13日,四層,一層 二層 三層 四層
RPXRMLTJJIPFFBJ57EA,,147.75,見其他登記事項,鋼筋混凝土造,109年8月13日,四層,一層 二層 三層 四層
RPOSMLTJJIPFFBJ76EA,,147.10,見其他登記事項,鋼筋混凝土造,109年8月13日,四層,一層 二層 三層 四層
RPWNMLKKJIPFFDJ09EA,36,89.40,住家用,鋼筋混凝土造,73年4月27日,四層,二層
RPWNMLKKJIPFFDJ09EA,36,89.40,住家用,鋼筋混凝土造,73年4月27日,四層,四層
RPWSMLTJJIPFFBJ57EA,,147.10,見其他登記事項,鋼筋混凝土造,109年8月13日,四層,一層 二層 三層 四層
RPQSMLTJJIPFFBJ96EA,,147.10,見其他登記事項,鋼筋混凝土造,109年8月13日,四層,一層 二層 三層 四層
RPVRMLTJJIPFFBJ37EA,,154.78,見其他登記事項,鋼筋混凝土造,109年8月13日,四層,一層 二層 三層 四層
RPRTMLTJJIPFFBJ17EA,,150.77,見其他登記事項,鋼筋混凝土造,109年8月13日,四層,一層 二層 三層 四層
RPOTMLTJJIPFFBJ86EA,,154.38,見其他登記事項,鋼筋混凝土造,109年8月13日,四層,一層 二層 三層 四層
RPSTMLTJJIPFFBJ27EA,,148.67,見其他登記事項,鋼筋混凝土造,109年8月13日,四層,一層 二層 三層 四層
RPSOMLLKJIPFFBJ68EA,13,157.25,住家用,鋼筋混凝土造,96年4月29日,十二層,八層
RPSOMLLKJIPFFBJ68EA,13,109.30,共有部分,鋼筋混凝土造,96年4月29日,十二層,
RPXSMLTJJIPFFBJ67EA,,73.55,見其他登記事項,鋼筋混凝土造,109年8月13日,四層,一層 二層 三層 四層
RPXSMLTJJIPFFBJ67EA,,73.55,見其他登記事項,鋼筋混凝土造,109年8月13日,四層,一層 二層 三層 四層
RPQTMLTJJIPFFBJ07EA,,194.07,見其他登記事項,鋼筋混凝土造,109年8月13日,四層,一層 二層 三層 四層
RPTTMLTJJIPFFBJ37EA,,147.10,見其他登記事項,鋼筋混凝土造,109年8月13日,四層,一層 二層 三層 四層
RPWNMLLKJIPFFBJ98EA,6,95.22,住家用,鋼筋混凝土造,103年9月1日,十五層,十四層 十五層
RPWNMLLKJIPFFBJ98EA,6,95.22,住家用,鋼筋混凝土造,103年9月1日,十五層,十四層 十五層
RPWNMLLKJIPFFBJ98EA,6,53.47,見其他登記事項,鋼筋混凝土造,103年9月1日,十五層,
RPWNMLLKJIPFFBJ98EA,6,53.47,見其他登記事項,鋼筋混凝土造,103年9月1日,十五層,
RPWNMLLKJIPFFBJ98EA,6,20.10,見其他登記事項,鋼筋混凝土造,103年9月1日,十五層,
RPWNMLLKJIPFFBJ98EA,6,20.10,見其他登記事項,鋼筋混凝土造,103年9月1日,十五層,
RPVVMLKKJIPFFCJ07EA,,226.45,見其他登記事項,鋼筋混凝土造,109年1月21日,四層,一層 二層 三層 四層 見其他登記事項
RPRUMLLKJIPFFCJ66EA,26,136.77,住家用,鋼筋混凝土造,83年11月23日,七層,二層
RPRUMLLKJIPFFCJ66EA,,64.47,共有部分,鋼筋混凝土造,,七層,
RPVOMLLKJIPFFBJ98EA,14,20.62,商業用,鋼筋混凝土造,95年7月10日,九層,六層
RPVOMLLKJIPFFBJ98EA,14,9.04,共有部分,鋼筋混凝土造,95年7月10日,九層,
RPVOMLMKJIPFFBJ09EA,29,70.61,住家用,鋼筋混凝土造,81年1月30日,五層,五層
RPVOMLMKJIPFFBJ09EA,29,26.77,共有部分,鋼筋混凝土造,81年1月30日,五層,
RPWOMLMKJIPFFBJ56EA,12,.09,商業用,鋼筋混凝土造,98年1月6日,十四層,一層
RPWOMLMKJIPFFBJ56EA,12,124.93,住家用,鋼筋混凝土造,98年1月6日,十四層,十層
RPWOMLMKJIPFFBJ56EA,12,.03,共有部分,鋼筋混凝土造,98年1月6日,十四層,
RPWOMLMKJIPFFBJ56EA,12,36.52,共有部分,鋼筋混凝土造,98年1月6日,十四層,
RPWOMLMKJIPFFBJ56EA,12,62.54,共有部分,鋼筋混凝土造,98年1月6日,十四層,
RPWOMLMKJIPFFBJ56EA,12,17.30,共有部分,鋼筋混凝土造,98年1月6日,十四層,
RPWNMLMKJIPFFDJ56DA,3,56.42,見其他登記事項,鋼筋混凝土造,106年11月15日,五層,三層
RPWNMLMKJIPFFDJ56DA,3,14.75,見其他登記事項,鋼筋混凝土造,106年11月15日,五層,
RPWNMLMKJIPFFDJ56DA,3,7.80,見其他登記事項,鋼筋混凝土造,106年11月15日,五層,
RPVOMLKKJIPFFDJ98DA,,199.46,見其他登記事項,鋼筋混凝土造,109年6月16日,四層,一層 二層 三層 四層 屋頂突出物
RPVOMLKKJIPFFDJ98DA,,.24,共有部分,鋼筋混凝土造,109年6月16日,一層,
RPQNMLKKJIPFFDJ38DA,20,109.28,住家用,鋼筋混凝土造,89年10月18日,五層,四層
RPQNMLKKJIPFFDJ38DA,20,17.10,見其他登記事項,鋼筋混凝土造,89年10月18日,五層,
RPQNMLKKJIPFFDJ38DA,20,37.50,停車空間,鋼筋混凝土造,89年10月18日,五層,
RPTNMLMKJIPFFDJ88DA,18,189.71,見其他登記事項,鋼筋混凝土造,92年1月8日,二層,一層 二層 屋頂突出物
RPXNMLMKJIPFFDJ66DA,4,396.46,見其他登記事項,鋼筋混凝土造,105年11月1日,三層,一層 二層 三層
RPUOMLKKJIPFFDJ88DA,8,66.84,住家用,鋼筋混凝土造,101年5月9日,五層,四層
RPUOMLKKJIPFFDJ88DA,8,20.26,見其他登記事項,鋼筋混凝土造,101年5月9日,五層,
RPTNMLPJJIPFFDJ09DA,,58.69,見其他登記事項,鋼筋混凝土造,109年7月15日,十層,三層
RPTNMLPJJIPFFDJ09DA,,60.95,見其他登記事項,鋼筋混凝土造,109年7月15日,十層,
RPQNMLLKJIPFFDJ48DA,,98.48,見其他登記事項,鋼筋混凝土造,109年6月16日,四層,一層 二層 三層 四層 屋頂突出物
RPQNMLLKJIPFFDJ48DA,,98.48,見其他登記事項,鋼筋混凝土造,109年6月16日,四層,一層 二層 三層 四層 屋頂突出物
RPQNMLLKJIPFFDJ48DA,,.12,共有部分,鋼筋混凝土造,109年6月16日,一層,
RPQNMLLKJIPFFDJ48DA,,.12,共有部分,鋼筋混凝土造,109年6月16日,一層,
RPUOMLOJJIPFFDJ56DA,,91.65,見其他登記事項,鋼筋混凝土造,109年7月15日,十層,七層
RPUOMLOJJIPFFDJ56DA,,76.53,見其他登記事項,鋼筋混凝土造,109年7月15日,十層,
RPVNMLPJJIPFFDJ66DA,,61.06,見其他登記事項,鋼筋混凝土造,109年7月15日,十層,七層
RPVNMLPJJIPFFDJ66DA,,62.06,見其他登記事項,鋼筋混凝土造,109年7月15日,十層,
RPTOMLOJJIPFFDJ09DA,,47.92,見其他登記事項,鋼筋混凝土造,109年7月15日,十層,七層
RPTOMLOJJIPFFDJ09DA,,47.92,見其他登記事項,鋼筋混凝土造,109年7月15日,十層,七層
RPTOMLOJJIPFFDJ09DA,,40.75,見其他登記事項,鋼筋混凝土造,109年7月15日,十層,
RPTOMLOJJIPFFDJ09DA,,40.75,見其他登記事項,鋼筋混凝土造,109年7月15日,十層,
RPXNMLPJJIPFFDJ86DA,,58.69,見其他登記事項,鋼筋混凝土造,109年7月15日,十層,九層
RPXNMLPJJIPFFDJ86DA,,60.95,見其他登記事項,鋼筋混凝土造,109年7月15日,十層,
RPQOMLPJJIPFFDJ88DA,,61.06,見其他登記事項,鋼筋混凝土造,109年7月15日,十層,三層
RPQOMLPJJIPFFDJ88DA,,62.06,見其他登記事項,鋼筋混凝土造,109年7月15日,十層,
RPOOMLPJJIPFFDJ68DA,,91.65,見其他登記事項,鋼筋混凝土造,109年7月15日,十層,三層
RPOOMLPJJIPFFDJ68DA,,76.53,見其他登記事項,鋼筋混凝土造,109年7月15日,十層,
RPSOMLPJJIPFFDJ09DA,,61.06,見其他登記事項,鋼筋混凝土造,109年7月15日,十層,八層
RPSOMLPJJIPFFDJ09DA,,62.06,見其他登記事項,鋼筋混凝土造,109年7月15日,十層,
RPTNMLKKJIPFFDJ68DA,20,98.62,住家用,鋼筋混凝土造,89年11月23日,五層,五層
RPTNMLKKJIPFFDJ68DA,20,15.54,見其他登記事項,鋼筋混凝土造,89年11月23日,五層,
RPTNMLKKJIPFFDJ68DA,20,1.95,停車空間,鋼筋混凝土造,89年11月23日,五層,
RPTNMLMKJIPFFCJ78DA,26,22.93,共用部分,鋼筋混凝土造,83年7月1日,七層,
RPTNMLMKJIPFFCJ78DA,26,95.06,住家用,鋼筋混凝土造,83年7月1日,七層,五層
RPTNMLMKJIPFFCJ78DA,26,11.87,共用部分,鋼筋混凝土造,83年7月1日,七層,
RPRQMLMKJIPFFCJ88DA,1,119.83,見其他登記事項,鋼筋混凝土造,109年1月13日,十四層,一層
RPRQMLMKJIPFFCJ88DA,1,87.50,見其他登記事項,鋼筋混凝土造,109年1月13日,十五層,
RPUOMLMKJIPFFCJ98DA,15,25.12,住家用,鋼筋混凝土造,94年5月5日,九層,九層
RPUOMLMKJIPFFCJ98DA,15,9.45,共有部分,鋼筋混凝土造,94年5月5日,九層,
RPUOMLMKJIPFFCJ98DA,15,7.78,共有部分,鋼筋混凝土造,94年5月5日,十層,
RPPNMLPJRHPFFDJ76DA,40,95.52,住家用,加強磚造,69年12月18日,二層,一層 二層
RPQNMLLKJIPFFBJ28DA,7,66.53,住家用,鋼筋混凝土造,103年1月27日,十四層,十層
RPQNMLLKJIPFFBJ28DA,7,48.15,見其他登記事項,鋼筋混凝土造,103年1月27日,十四層,
RPXVMLLKJIPFFCJ27DA,15,22.56,住家用,鋼筋混凝土造,94年5月5日,十層,十層
RPXVMLLKJIPFFCJ27DA,15,8.46,共有部分,鋼筋混凝土造,94年5月5日,十層,
RPXVMLLKJIPFFCJ27DA,15,7.01,共有部分,鋼筋混凝土造,94年5月5日,十層,
RPOOMLLKJIPFFBJ18DA,13,.36,共有部分,鋼骨鋼筋混凝土造,96年12月28日,十層,
RPOOMLLKJIPFFBJ18DA,13,9.72,共有部分,鋼骨鋼筋混凝土造,96年12月28日,十層,
RPOOMLLKJIPFFBJ18DA,13,.05,共有部分,鋼骨鋼筋混凝土造,96年12月28日,十層,
RPOOMLLKJIPFFBJ18DA,13,44.10,共有部分,鋼骨鋼筋混凝土造,96年12月28日,十層,
RPOOMLLKJIPFFBJ18DA,13,1.00,商業用,鋼骨鋼筋混凝土造,96年12月28日,十層,一層 見其他登記事項
RPOOMLLKJIPFFBJ18DA,13,26.91,商業用,鋼骨鋼筋混凝土造,96年12月28日,十層,六層
RPSPMLMKJIPFFBJ78DA,12,35.77,商業用,鋼筋混凝土造,97年6月6日,十層,六層
RPSPMLMKJIPFFBJ78DA,12,16.84,共有部分,鋼筋混凝土造,97年6月6日,十層,
RPSPMLMKJIPFFBJ78DA,12,2.80,共有部分,鋼筋混凝土造,97年6月6日,十層,
RPXNMLLKJIPFFBJ98DA,2,104.81,住家用,鋼筋混凝土造,107年4月18日,二十九層,二十六層
RPXNMLLKJIPFFBJ98DA,2,77.83,見其他登記事項,鋼筋混凝土造,107年4月18日,二十九層,
RPSNMLKKJIPFFBJ38DA,5,90.57,見其他登記事項,鋼筋混凝土造,104年12月14日,二十六層,
RPRQMLTJJIPFFBJ76DA,,199.96,住家用,鋼筋混凝土加強磚造,,三層,一層 二層 三層 騎樓
RPRNMLSJJIPFFBJ98DA,,108.64,住家用,加強磚造,,二層,一層 二層 騎樓
RPSOMLOJJIPFFBJ78DA,17,20.64,商業用,鋼筋混凝土造,93年3月9日,十層,十層
RPSOMLOJJIPFFBJ78DA,17,15.93,共有部分,鋼筋混凝土造,93年3月9日,十層,
RPSOMLOJJIPFFBJ78DA,17,5.75,共有部分,鋼筋混凝土造,93年3月9日,十層,
RPVNMLKKJIPFFBJ68DA,5,300.35,住家用,鋼筋混凝土造,104年12月14日,二十六層,三層
RPVNMLKKJIPFFBJ68DA,5,23.88,見其他登記事項,鋼筋混凝土造,104年12月14日,二十六層,
RPVNMLKKJIPFFBJ68DA,5,65.82,見其他登記事項,鋼筋混凝土造,104年12月14日,二十六層,
RPVNMLKKJIPFFBJ68DA,5,147.71,見其他登記事項,鋼筋混凝土造,104年12月14日,二十六層,
RPTNMLLKJIPFFBJ58DA,,128.67,住家用,見其他登記事項,107年1月11日,一層,一層
RPVNMLPKIIPFFBJ09DA,1,65.44,住家用,鋼筋混凝土造,108年3月20日,十四層,十三層
RPVNMLPKIIPFFBJ09DA,1,71.81,見其他登記事項,鋼筋混凝土造,108年3月20日,十四層,
RPPOMLNLIIPFFBJ48DA,4,324.33,住家用,鋼筋混凝土造,105年3月28日,二十九層,十八層
RPPOMLNLIIPFFBJ48DA,4,156.43,見其他登記事項,鋼筋混凝土造,105年3月28日,二十九層,
RPPOMLNLIIPFFBJ48DA,4,68.18,見其他登記事項,鋼筋混凝土造,105年3月28日,二十九層,
RPQNMLNKJIPFFCJ58DA,,79.68,住家用,鋼筋混凝土造,,五層,二層
RPTNMLMKIIPFFBJ58DA,27,82.53,住家用,鋼筋混凝土造,82年10月9日,七層,五層
RPTNMLMKIIPFFBJ58DA,27,19.77,共有部分,鋼筋混凝土造,82年10月9日,八層,
RPTNMLMKIIPFFBJ58DA,27,16.78,共有部分,鋼筋混凝土造,82年10月9日,七層,
RPPPMLLLIIPFFBJ38DA,10,149.49,住家用,鋼筋混凝土造,99年9月6日,十三層,四層
RPPPMLLLIIPFFBJ38DA,10,113.05,見其他登記事項,鋼筋混凝土造,99年9月6日,十三層,
RPTNMLOJJIPFFBJ78DA,1,33.13,見其他登記事項,鋼筋混凝土造,108年10月8日,十層,
RPVSMLOLRHPFFBJ77DA,6,99.47,住家用,鋼筋混凝土造,103年11月21日,十層,三層
RPVSMLOLRHPFFBJ77DA,6,57.60,見其他登記事項,鋼筋混凝土造,103年11月21日,十層,
RPVSMLOLRHPFFBJ77DA,6,11.16,見其他登記事項,鋼筋混凝土造,103年11月21日,十層,
RPPOMLPJJIPFFBJ58DA,1,45.44,住商用,鋼筋混凝土造,108年10月8日,十層,一層 見其他登記事項
RPPOMLPJJIPFFBJ58DA,1,45.44,住商用,鋼筋混凝土造,108年10月8日,十層,一層 見其他登記事項
RPPOMLPJJIPFFBJ58DA,1,38.78,見其他登記事項,鋼筋混凝土造,108年10月8日,十層,
RPPOMLPJJIPFFBJ58DA,1,38.78,見其他登記事項,鋼筋混凝土造,108年10月8日,十層,
RPOPMLPJJIPFFBJ58DA,8,134.53,住家用,鋼筋混凝土造,101年9月24日,二十五層,八層
RPOPMLPJJIPFFBJ58DA,8,103.38,見其他登記事項,鋼筋混凝土造,101年9月24日,二十五層,
RPOPMLPJJIPFFBJ58DA,8,29.55,見其他登記事項,鋼筋混凝土造,101年9月24日,二十五層,
RPPNMLKKJIPFFBJ08DA,15,108.97,住家用,鋼筋混凝土造,94年10月4日,十五層,九層
RPPNMLKKJIPFFBJ08DA,15,65.26,共有部分,鋼筋混凝土造,94年10月4日,十五層,
RPPNMLKKJIPFFBJ08DA,15,13.76,共有部分,鋼筋混凝土造,94年10月4日,十五層,
RPOOMLMKJIPFFBJ28DA,12,.03,見其他登記事項,鋼筋混凝土造,98年1月21日,十三層,一層
RPOOMLMKJIPFFBJ28DA,12,41.03,商業用,鋼筋混凝土造,98年1月21日,九層,六層
RPOOMLMKJIPFFBJ28DA,12,27.88,共有部分,鋼筋混凝土造,98年1月21日,十三層,
RPOOMLMKJIPFFBJ28DA,12,4.62,共有部分,鋼筋混凝土造,98年1月21日,十三層,
RPOOMLMKJIPFFBJ28DA,12,13.34,共有部分,鋼筋混凝土造,98年1月21日,九層,
RPTNMLNKJIPFFCJ88DA,5,103.23,見其他登記事項,鋼筋混凝土造,104年3月25日,十四層,二層
RPTNMLNKJIPFFCJ88DA,5,.02,見其他登記事項,鋼筋混凝土造,104年3月25日,十四層,一層
RPTNMLNKJIPFFCJ88DA,5,19.12,共有部分,鋼筋混凝土造,104年3月25日,十四層,
RPTNMLNKJIPFFCJ88DA,5,.00,共有部分,鋼筋混凝土造,104年3月25日,十四層,
RPTNMLNKJIPFFCJ88DA,5,27.00,共有部分,鋼筋混凝土造,104年3月25日,十五層,
RPTNMLNKJIPFFCJ88DA,5,26.72,共有部分,鋼筋混凝土造,104年3月25日,十五層,
RPRPMLMKJIPFFBJ68DA,19,250.56,住家用,鋼筋混凝土造,90年7月3日,四層,一層 二層 三層 四層
RPPQMLRKRHPFFBJ17DA,17,290.01,住家用,鋼筋混凝土造,92年4月30日,四層,一層 二層 三層 四層 地下層
RPXOMLMKJIPFFBJ66EA,4,64.47,住家用,鋼筋混凝土造,105年6月8日,二十七層,二十六層
RPXOMLMKJIPFFBJ66EA,4,19.88,見其他登記事項,鋼筋混凝土造,105年6月8日,二十七層,
RPXOMLMKJIPFFBJ66EA,4,40.68,見其他登記事項,鋼筋混凝土造,105年6月8日,二十七層,
RPSOMLMKJIPFFBJ68DA,28,279.56,住家用,鋼筋混凝土造,81年11月30日,四層,一層 二層 三層 四層
RPOPMLMKJIPFFBJ48EA,,239.77,見其他登記事項,鋼筋混凝土造,109年7月13日,四層,一層 二層 三層 四層 屋頂突出物
RPSOMLNKJIPFFBJ88EA,3,98.29,住家用,鋼筋混凝土造,106年12月27日,十五層,十四層
RPSOMLNKJIPFFBJ88EA,3,68.89,見其他登記事項,鋼筋混凝土造,106年12月27日,十五層,
RPTNMLNKJIPFFBJ88EA,4,78.04,住家用,鋼筋混凝土造,105年6月8日,二十七層,十八層
RPTNMLNKJIPFFBJ88EA,4,24.07,見其他登記事項,鋼筋混凝土造,105年6月8日,二十七層,
RPTNMLNKJIPFFBJ88EA,4,38.93,見其他登記事項,鋼筋混凝土造,105年6月8日,二十七層,
RPQNMLNKJIPFFBJ58EA,13,142.74,商業用,鋼筋混凝土造,97年2月1日,十九層,一層 二層
RPQNMLNKJIPFFBJ58EA,13,.05,商業用,鋼筋混凝土造,97年2月1日,十九層,一層
RPQNMLNKJIPFFBJ58EA,13,11.78,共有部分,鋼筋混凝土造,97年2月1日,十九層,
RPQNMLNKJIPFFBJ58EA,13,.02,共有部分,鋼筋混凝土造,97年2月1日,十九層,
RPQNMLNKJIPFFBJ58EA,13,20.15,共有部分,鋼筋混凝土造,97年2月1日,十九層,
RPQNMLNKJIPFFBJ58EA,13,60.17,共有部分,鋼筋混凝土造,97年2月1日,十九層,
RPRPMLNKJIPFFBJ88EA,8,166.16,住家用,鋼筋混凝土造,101年10月25日,十三層,十二層
RPRPMLNKJIPFFBJ88EA,8,24.59,見其他登記事項,鋼筋混凝土造,101年10月25日,十三層,
RPRPMLNKJIPFFBJ88EA,8,87.82,見其他登記事項,鋼筋混凝土造,101年10月25日,十三層,
RPRNMLNKJIPFFCJ78EA,22,102.24,住家用,鋼筋混凝土造,87年9月29日,十層,八層
RPRNMLNKJIPFFCJ78EA,22,1.16,見其他登記事項,鋼筋混凝土造,87年9月29日,十一層,一層
RPRNMLNKJIPFFCJ78EA,22,.17,見其他登記事項,鋼筋混凝土造,87年9月29日,十層,一層
RPRNMLNKJIPFFCJ78EA,22,17.44,見其他登記事項,鋼筋混凝土造,87年9月29日,十一層,
RPRNMLNKJIPFFCJ78EA,22,8.62,見其他登記事項,鋼筋混凝土造,87年9月29日,十二層,
RPSOMLQKJIPFFBJ56EA,6,97.04,住家用,鋼筋混凝土造,104年1月19日,十四層,二層
RPSOMLQKJIPFFBJ56EA,6,67.44,見其他登記事項,鋼筋混凝土造,104年1月19日,十五層,
RPSOMLQKJIPFFBJ56EA,6,22.28,見其他登記事項,鋼筋混凝土造,104年1月19日,十四層,
RPUOMLLKJIPFFBJ88EA,25,102.31,住家用,鋼筋混凝土造,84年10月11日,六層,四層
RPUOMLLKJIPFFBJ88EA,25,13.76,共有部分,鋼筋混凝土造,84年10月11日,六層,
RPUOMLLKJIPFFBJ88EA,25,9.45,共有部分,鋼筋混凝土造,84年10月11日,六層,
RPVNMLMKJIPFFBJ98EA,5,87.17,住家用,鋼骨鋼筋混凝土造,104年7月31日,三十二層,十九層
RPVNMLMKJIPFFBJ98EA,5,87.17,住家用,鋼骨鋼筋混凝土造,104年7月31日,三十二層,十九層
RPVNMLMKJIPFFBJ98EA,5,71.37,見其他登記事項,鋼骨鋼筋混凝土造,104年7月31日,三十二層,
RPVNMLMKJIPFFBJ98EA,5,71.37,見其他登記事項,鋼骨鋼筋混凝土造,104年7月31日,三十二層,
RPVTMLTJJIPFFBJ57EA,,147.09,見其他登記事項,鋼筋混凝土造,109年8月13日,四層,一層 二層 三層 四層
RPUTMLTJJIPFFBJ47EA,,196.41,見其他登記事項,鋼筋混凝土造,109年8月13日,四層,一層 二層 三層 四層 屋頂突出物
RPWTMLTJJIPFFBJ67EA,,147.10,見其他登記事項,鋼筋混凝土造,109年8月13日,四層,一層 二層 三層 四層
RPWNMLQKJIPFFDJ96DA,12,60.76,見其他登記事項,鋼筋混凝土造,97年12月26日,七層,七層
RPWNMLQKJIPFFDJ96DA,12,10.12,見其他登記事項,鋼筋混凝土造,97年12月26日,七層,
RPWNMLQKJIPFFDJ96DA,12,11.02,停車空間,鋼筋混凝土造,97年12月26日,七層,
RPSOMLNLIIPFFBJ88EA,8,251.43,見其他登記事項,鋼筋混凝土造,101年5月22日,四層,一層 二層 三層 四層
RPROMLQKJIPFFCJ56EA,19,.89,共有部分,鋼筋混凝土造,90年5月22日,二層,
RPROMLQKJIPFFCJ56EA,20,226.45,住家用,鋼筋混凝土造,89年10月18日,四層,一層 二層 三層 四層
RPROMLQKJIPFFCJ56EA,19,.63,共有部分,鋼筋混凝土造,90年5月17日,一層,
RPUOMLMKJIPFFBJ98EA,15,.03,見其他登記事項,鋼筋混凝土造,94年11月7日,十四層,一層
RPUOMLMKJIPFFBJ98EA,15,107.97,住家用,鋼筋混凝土造,94年11月7日,十四層,二層
RPUOMLMKJIPFFBJ98EA,15,28.66,共有部分,鋼筋混凝土造,94年11月7日,十四層,
RPUOMLMKJIPFFBJ98EA,15,19.54,共有部分,鋼筋混凝土造,94年11月7日,十四層,
RPUOMLMKJIPFFBJ98EA,15,17.44,共有部分,鋼筋混凝土造,94年11月7日,十四層,
RPXOMLRKJIPFFBJ17EA,6,.61,商業用,鋼筋混凝土造,103年10月9日,十九層,一層
RPXOMLRKJIPFFBJ17EA,6,.58,商業用,鋼筋混凝土造,103年10月9日,十九層,一層
RPXOMLRKJIPFFBJ17EA,6,120.79,住家用,鋼筋混凝土造,103年10月9日,十九層,十九層
RPXOMLRKJIPFFBJ17EA,6,.00,見其他登記事項,鋼筋混凝土造,103年10月9日,十九層,
RPXOMLRKJIPFFBJ17EA,6,119.76,見其他登記事項,鋼筋混凝土造,103年10月9日,十九層,
RPXOMLRKJIPFFBJ17EA,6,.00,見其他登記事項,鋼筋混凝土造,103年10月9日,十九層,
RPVNMLOJJIPFFDJ56DA,3,37.06,見其他登記事項,鋼筋混凝土造,106年7月11日,五層,二層
RPVNMLOJJIPFFDJ56DA,3,15.40,見其他登記事項,鋼筋混凝土造,106年7月11日,五層,
RPUQMLNKJIPFFBJ56DA,7,47.40,住家用,鋼筋混凝土造,103年1月27日,十四層,八層
RPUQMLNKJIPFFBJ56DA,7,37.91,見其他登記事項,鋼筋混凝土造,103年1月27日,十四層,
RPPPMLLKJIPFFBJ38DA,8,180.25,住家用,鋼筋混凝土造,101年8月30日,十四層,十二層
RPPPMLLKJIPFFBJ38DA,8,134.85,見其他登記事項,鋼筋混凝土造,101年8月30日,十四層,
RPXOMLLKJIPFFBJ09DA,9,100.96,住家用,鋼筋混凝土造,100年8月5日,十四層,五層
RPXOMLLKJIPFFBJ09DA,9,29.28,見其他登記事項,鋼筋混凝土造,100年8月5日,十四層,
RPXOMLLKJIPFFBJ09DA,9,.14,見其他登記事項,鋼筋混凝土造,100年8月5日,十四層,一層
RPXOMLLKJIPFFBJ09DA,9,10.73,見其他登記事項,鋼筋混凝土造,100年8月5日,十四層,
RPXOMLLKJIPFFBJ09DA,9,58.91,見其他登記事項,鋼筋混凝土造,100年8月5日,十四層,
RPQOMLQKJIPFFCJ98DA,26,109.04,住家用,鋼筋混凝土造,83年12月27日,九層,八層
RPQOMLQKJIPFFCJ98DA,26,19.65,共用部分,鋼筋混凝土造,83年12月27日,九層,
RPOPMLNKJIPFFBJ58EA,20,203.64,住家用,鋼筋混凝土造,89年7月7日,四層,一層 二層 三層 四層
RPOPMLNKJIPFFBJ58EA,20,3.16,共有部分,鋼筋混凝土造,89年7月7日,四層,
RPOOMLKKJIPFFBJ08DA,28,74.52,住家用,鋼筋混凝土造,81年12月23日,十層,七層
RPOOMLKKJIPFFBJ08DA,28,16.70,共有部分,鋼筋混凝土造,81年12月23日,十一層,
RPUNMLTLIIPFFBJ86DA,,109.04,住商用,鋼筋混凝土造,,二層,一層 二層 騎樓
RPSVMLTJJIPFFBJ37DA,6,128.48,住家用,鋼筋混凝土造,103年7月28日,二十四層,二十層
RPSVMLTJJIPFFBJ37DA,6,.04,見其他登記事項,鋼筋混凝土造,103年7月28日,二十四層,一層
RPSVMLTJJIPFFBJ37DA,6,27.56,見其他登記事項,鋼筋混凝土造,103年7月28日,二十四層,
RPSVMLTJJIPFFBJ37DA,6,66.44,見其他登記事項,鋼筋混凝土造,103年7月28日,二十四層,
RPSVMLTJJIPFFBJ37DA,6,28.36,見其他登記事項,鋼筋混凝土造,103年7月28日,二十四層,
RPVVMLTJJIPFFBJ67DA,3,355.36,住家用,鋼筋混凝土造,106年12月22日,四層,一層 二層 三層 四層 屋頂突出物
RPTPMLSLIIPFFBJ86DA,5,116.80,住家用,鋼筋混凝土造,105年1月26日,二十一層,八層
RPTPMLSLIIPFFBJ86DA,5,65.30,見其他登記事項,鋼筋混凝土造,105年1月26日,二十四層,
RPPOMLNKJIPFFDJ68DA,15,50.95,見其他登記事項,鋼筋混凝土造,94年8月30日,五層,一層 夾層
RPPOMLNKJIPFFDJ68DA,15,50.95,見其他登記事項,鋼筋混凝土造,94年8月30日,五層,一層 夾層
RPPOMLNKJIPFFDJ68DA,15,3.72,見其他登記事項,鋼筋混凝土造,94年8月30日,五層,
RPPOMLNKJIPFFDJ68DA,15,3.72,見其他登記事項,鋼筋混凝土造,94年8月30日,五層,
RPPOMLPKIIPFFBJ58DA,5,110.06,住家用,鋼筋混凝土造,105年1月26日,二十四層,二十層
RPPOMLPKIIPFFBJ58DA,5,62.34,見其他登記事項,鋼筋混凝土造,105年1月26日,二十四層,
RPSRMLMLIIPFFBJ98DA,2,91.06,住家用,鋼筋混凝土造,107年4月27日,十一層,十一層
RPSRMLMLIIPFFBJ98DA,2,131.80,見其他登記事項,鋼筋混凝土造,107年4月27日,十一層,
RPPOMLMLIIPFFBJ38DA,1,85.51,住家用,鋼筋混凝土造,108年3月20日,十四層,九層
RPPOMLMLIIPFFBJ38DA,1,81.89,見其他登記事項,鋼筋混凝土造,108年3月20日,十四層,
RPQOMLSJIIPFFBJ88DA,1,.03,見其他登記事項,鋼筋混凝土造,109年2月21日,二十九層,一層
RPQOMLSJIIPFFBJ88DA,1,116.78,住家用,鋼筋混凝土造,109年2月21日,二十九層,十九層
RPQOMLSJIIPFFBJ88DA,1,30.42,見其他登記事項,鋼筋混凝土造,109年2月21日,二十九層,
RPQOMLSJIIPFFBJ88DA,1,28.87,見其他登記事項,鋼筋混凝土造,109年2月21日,二十九層,
RPQOMLSJIIPFFBJ88DA,1,30.04,見其他登記事項,鋼筋混凝土造,109年2月21日,二十九層,
RPRNMLOLIIPFFBJ68DA,39,111.48,住家用,加強磚造,71年2月10日,二層,一層 二層
RPPRMLRJIIPFFBJ98DA,4,239.87,住家用,鋼筋混凝土造,105年4月12日,三層,一層 二層 三層
RPXOMLSLIIPFFBJ17DA,2,71.76,住家用,鋼筋混凝土造,108年3月7日,十三層,九層
RPXOMLSLIIPFFBJ17DA,2,60.49,見其他登記事項,鋼筋混凝土造,108年3月7日,十三層,
RPOPMLSLIIPFFBJ98DA,1,61.63,住家用,鋼筋混凝土造,108年3月7日,十三層,四層
RPOPMLSLIIPFFBJ98DA,1,55.47,見其他登記事項,鋼筋混凝土造,108年3月7日,十三層,
RPWNMLMLIIPFFBJ98DA,1,91.22,住家用,鋼筋混凝土造,108年3月11日,十五層,三層
RPWNMLMLIIPFFBJ98DA,1,82.61,見其他登記事項,鋼筋混凝土造,108年3月11日,十五層,
RPXNMLMLIIPFFBJ09DA,1,91.22,住家用,鋼筋混凝土造,108年3月11日,十五層,六層
RPXNMLMLIIPFFBJ09DA,1,82.61,見其他登記事項,鋼筋混凝土造,108年3月11日,十五層,
RPSNMLPKIIPFFBJ78DA,1,117.12,住家用,鋼筋混凝土造,108年3月11日,十五層,六層
RPSNMLPKIIPFFBJ78DA,1,95.70,見其他登記事項,鋼筋混凝土造,108年3月11日,十五層,
RPUNMLPKIIPFFBJ98DA,1,117.12,住家用,鋼筋混凝土造,108年3月11日,十五層,九層
RPUNMLPKIIPFFBJ98DA,1,130.02,見其他登記事項,鋼筋混凝土造,108年3月11日,十五層,
RPXOMLRJIIPFFBJ86DA,4,32.18,住家用,鋼筋混凝土造,105年6月8日,二十七層,二十一層
RPXOMLRJIIPFFBJ86DA,4,32.18,住家用,鋼筋混凝土造,105年6月8日,二十七層,二十一層
RPXOMLRJIIPFFBJ86DA,4,10.03,見其他登記事項,鋼筋混凝土造,105年6月8日,二十七層,
RPXOMLRJIIPFFBJ86DA,4,10.03,見其他登記事項,鋼筋混凝土造,105年6月8日,二十七層,
RPXOMLRJIIPFFBJ86DA,4,20.17,見其他登記事項,鋼筋混凝土造,105年6月8日,二十七層,
RPXOMLRJIIPFFBJ86DA,4,20.17,見其他登記事項,鋼筋混凝土造,105年6月8日,二十七層,
RPROMLRJIIPFFBJ88DA,,.06,見其他登記事項,鋼筋混凝土造,109年2月21日,二十九層,一層
RPROMLRJIIPFFBJ88DA,,120.79,住家用,鋼筋混凝土造,109年2月21日,二十九層,二十七層
RPROMLRJIIPFFBJ88DA,,60.85,見其他登記事項,鋼筋混凝土造,109年2月21日,二十九層,
RPROMLRJIIPFFBJ88DA,,29.58,見其他登記事項,鋼筋混凝土造,109年2月21日,二十九層,
RPROMLRJIIPFFBJ88DA,,8275.35,見其他登記事項,鋼筋混凝土造,109年2月21日,二十九層,
RPROMLRJIIPFFBJ88DA,,29.67,見其他登記事項,鋼筋混凝土造,109年2月21日,二十九層,
RPTRMLMJJIPFFBJ98DA,7,.07,住家用,鋼筋混凝土造,102年11月7日,二十二層,一層
RPTRMLMJJIPFFBJ98DA,7,197.56,住家用,鋼筋混凝土造,102年11月7日,二十二層,十六層
RPTRMLMJJIPFFBJ98DA,7,66.37,見其他登記事項,鋼筋混凝土造,102年11月6日,二十二層,
RPTRMLMJJIPFFBJ98DA,7,39.20,見其他登記事項,鋼筋混凝土造,102年11月6日,二十二層,
RPTRMLMJJIPFFBJ98DA,7,52.92,見其他登記事項,鋼筋混凝土造,102年11月6日,二十二層,
RPPPMLNJJIPFFBJ48DA,1,82.22,住家用,鋼筋混凝土造,109年4月16日,十一層,三層
RPPPMLNJJIPFFBJ48DA,1,61.68,見其他登記事項,鋼筋混凝土造,109年4月16日,十一層,
RPSPMLKKJIPFFBJ58DA,4,57.94,住家用,鋼筋混凝土造,105年6月8日,二十七層,十九層
RPSPMLKKJIPFFBJ58DA,4,18.05,見其他登記事項,鋼筋混凝土造,105年6月8日,二十七層,
RPSPMLKKJIPFFBJ58DA,4,38.93,見其他登記事項,鋼筋混凝土造,105年6月8日,二十七層,
RPRVMLTJJIPFFBJ27DA,20,91.95,住家用,鋼筋混凝土造,89年9月18日,五層,四層
RPRVMLTJJIPFFBJ27DA,20,38.81,共用部分,鋼筋混凝土造,89年9月18日,五層,
RPWNMLNKJIPFFBJ09DA,1,.03,見其他登記事項,鋼筋混凝土造,109年2月21日,二十九層,一層
RPWNMLNKJIPFFBJ09DA,1,91.66,住家用,鋼筋混凝土造,109年2月21日,二十九層,十九層
RPWNMLNKJIPFFBJ09DA,1,30.42,見其他登記事項,鋼筋混凝土造,109年2月21日,二十九層,
RPWNMLNKJIPFFBJ09DA,1,22.45,見其他登記事項,鋼筋混凝土造,109年2月21日,二十九層,
RPWNMLNKJIPFFBJ09DA,1,8092.81,見其他登記事項,鋼筋混凝土造,109年2月21日,二十九層,
RPWNMLNKJIPFFBJ09DA,1,23.11,見其他登記事項,鋼筋混凝土造,109年2月21日,二十九層,
RPQNMLRKJIPFFBJ88DA,11,61.55,共有部分,鋼筋混凝土造,99年1月6日,二十三層,
RPXNMLNKJIPFFBJ56DA,1,.03,見其他登記事項,鋼筋混凝土造,109年2月21日,二十九層,一層
RPXNMLNKJIPFFBJ56DA,1,91.66,住家用,鋼筋混凝土造,109年2月21日,二十九層,二十二層
RPXNMLNKJIPFFBJ56DA,1,30.42,見其他登記事項,鋼筋混凝土造,109年2月21日,二十九層,
RPXNMLNKJIPFFBJ56DA,1,22.45,見其他登記事項,鋼筋混凝土造,109年2月21日,二十九層,
RPXNMLNKJIPFFBJ56DA,1,8123.23,見其他登記事項,鋼筋混凝土造,109年2月21日,二十九層,
RPXNMLNKJIPFFBJ56DA,1,23.11,見其他登記事項,鋼筋混凝土造,109年2月21日,二十九層,
RPVNMLNKJIPFFBJ98DA,1,.03,見其他登記事項,鋼筋混凝土造,109年2月21日,二十九層,一層
RPVNMLNKJIPFFBJ98DA,1,116.78,住家用,鋼筋混凝土造,109年2月21日,二十九層,二十三層
RPVNMLNKJIPFFBJ98DA,1,30.42,見其他登記事項,鋼筋混凝土造,109年2月21日,二十九層,
RPVNMLNKJIPFFBJ98DA,1,29.04,見其他登記事項,鋼筋混凝土造,109年2月21日,二十九層,
RPVNMLNKJIPFFBJ98DA,1,8062.39,見其他登記事項,鋼筋混凝土造,109年2月21日,二十九層,
RPVNMLNKJIPFFBJ98DA,1,30.04,見其他登記事項,鋼筋混凝土造,109年2月21日,二十九層,
RPQOMLNKJIPFFBJ58DA,1,.06,見其他登記事項,鋼筋混凝土造,109年2月21日,二十九層,一層
RPQOMLNKJIPFFBJ58DA,1,120.59,住家用,鋼筋混凝土造,109年2月21日,二十九層,二十二層
RPQOMLNKJIPFFBJ58DA,1,60.85,見其他登記事項,鋼筋混凝土造,109年2月21日,二十九層,
RPQOMLNKJIPFFBJ58DA,1,29.40,見其他登記事項,鋼筋混凝土造,109年2月21日,二十九層,
RPQOMLNKJIPFFBJ58DA,1,8214.51,見其他登記事項,鋼筋混凝土造,109年2月21日,二十九層,
RPQOMLNKJIPFFBJ58DA,1,29.67,見其他登記事項,鋼筋混凝土造,109年2月21日,二十九層,
RPPOMLNKJIPFFBJ48DA,,.03,見其他登記事項,鋼筋混凝土造,109年2月21日,二十九層,一層
RPPOMLNKJIPFFBJ48DA,,93.79,住家用,鋼筋混凝土造,109年2月21日,二十九層,二十一層
RPPOMLNKJIPFFBJ48DA,,30.42,見其他登記事項,鋼筋混凝土造,109年2月21日,二十九層,
RPPOMLNKJIPFFBJ48DA,,22.99,見其他登記事項,鋼筋混凝土造,109年2月21日,二十九層,
RPPOMLNKJIPFFBJ48DA,,8184.08,見其他登記事項,鋼筋混凝土造,109年2月21日,二十九層,
RPPOMLNKJIPFFBJ48DA,,23.69,見其他登記事項,鋼筋混凝土造,109年2月21日,二十九層,
RPOOMLNKJIPFFBJ38DA,1,.03,見其他登記事項,鋼筋混凝土造,109年2月21日,二十九層,一層
RPOOMLNKJIPFFBJ38DA,1,91.87,住家用,鋼筋混凝土造,109年2月21日,二十九層,二十七層
RPOOMLNKJIPFFBJ38DA,1,30.42,見其他登記事項,鋼筋混凝土造,109年2月21日,二十九層,
RPOOMLNKJIPFFBJ38DA,1,22.45,見其他登記事項,鋼筋混凝土造,109年2月21日,二十九層,
RPOOMLNKJIPFFBJ38DA,1,8153.66,見其他登記事項,鋼筋混凝土造,109年2月21日,二十九層,
RPOOMLNKJIPFFBJ38DA,1,23.40,見其他登記事項,鋼筋混凝土造,109年2月21日,二十九層,
RPROMLNKJIPFFBJ68DA,1,.03,見其他登記事項,鋼筋混凝土造,109年2月21日,二十九層,一層
RPROMLNKJIPFFBJ68DA,1,105.80,住家用,鋼筋混凝土造,109年2月21日,二十九層,二十四層
RPROMLNKJIPFFBJ68DA,1,30.42,見其他登記事項,鋼筋混凝土造,109年2月21日,二十九層,
RPROMLNKJIPFFBJ68DA,1,25.84,見其他登記事項,鋼筋混凝土造,109年2月21日,二十九層,
RPROMLNKJIPFFBJ68DA,1,8336.20,見其他登記事項,鋼筋混凝土造,109年2月21日,二十九層,
RPROMLNKJIPFFBJ68DA,1,25.86,見其他登記事項,鋼筋混凝土造,109年2月21日,二十九層,
RPQNMLRKJIPFFCJ98DA,1,203.65,見其他登記事項,鋼筋混凝土造,108年10月5日,四層,一層 二層 三層 四層
RPOOMLRKJIPFFBJ78DA,4,75.44,住家用,鋼筋混凝土造,105年11月10日,十層,八層
RPOOMLRKJIPFFBJ78DA,4,43.99,見其他登記事項,鋼筋混凝土造,105年11月10日,十層,
RPOPMLLKJIPFFBJ28DA,6,188.12,住家用,鋼筋混凝土造,103年9月24日,二十三層,十九層
RPOPMLLKJIPFFBJ28DA,6,15.35,見其他登記事項,鋼筋混凝土造,103年9月24日,二十三層,
RPOPMLLKJIPFFBJ28DA,6,93.16,見其他登記事項,鋼筋混凝土造,103年9月24日,二十三層,
RPOPMLLKJIPFFBJ28DA,6,24.20,見其他登記事項,鋼筋混凝土造,103年9月24日,二十三層,
RPXNMLSKJIPFFCJ17DA,39,66.49,住家用,加強磚造,70年7月1日,二層,一層 二層
RPXNMLSKJIPFFCJ17DA,39,66.49,住家用,加強磚造,70年7月1日,二層,一層 二層
RPPNMLPKJIPFFBJ58DA,5,.02,見其他登記事項,鋼筋混凝土造,104年9月1日,十四層,一層
RPPNMLPKJIPFFBJ58DA,5,74.57,住家用,鋼筋混凝土造,104年9月1日,十四層,五層
RPPNMLPKJIPFFBJ58DA,5,28.10,見其他登記事項,鋼筋混凝土造,104年9月1日,十四層,
RPPNMLPKJIPFFBJ58DA,5,28.87,見其他登記事項,鋼筋混凝土造,104年9月1日,十四層,
RPPNMLPKJIPFFBJ58DA,5,11.87,見其他登記事項,鋼筋混凝土造,104年9月1日,十四層,
RPXNMLSKJIPFFBJ07DA,4,89.75,商業用,鋼筋混凝土造,105年6月28日,十四層,一層 見其他登記事項
RPXNMLSKJIPFFBJ07DA,4,.42,住家用,鋼筋混凝土造,105年6月28日,十四層,一層
RPXNMLSKJIPFFBJ07DA,4,34.90,見其他登記事項,鋼筋混凝土造,105年6月28日,十四層,
RPXNMLSKJIPFFBJ07DA,4,198.37,見其他登記事項,鋼筋混凝土造,105年6月28日,十四層,
RPWNMLRLIIPFFDJ07DA,,162.84,見其他登記事項,鋼筋混凝土造,109年5月6日,三層,一層 二層 三層
RPROMLRLIIPFFDJ66DA,,167.07,見其他登記事項,鋼筋混凝土造,109年5月6日,三層,一層 二層 三層
RPQPMLNKJIPFFBJ78EA,11,.01,商業用,鋼筋混凝土造,98年5月4日,十五層,一層
RPQPMLNKJIPFFBJ78EA,11,100.36,住家用,鋼筋混凝土造,98年5月4日,十五層,五層
RPQPMLNKJIPFFBJ78EA,11,32.10,共有部分,鋼筋混凝土造,98年5月4日,十五層,
RPQPMLNKJIPFFBJ78EA,11,8.79,共有部分,鋼筋混凝土造,98年5月4日,十五層,
RPQPMLNKJIPFFBJ78EA,11,.01,共有部分,鋼筋混凝土造,98年5月4日,十五層,
RPQPMLNKJIPFFBJ78EA,11,31.81,共有部分,鋼筋混凝土造,98年5月4日,十五層,
RPTOMLQKJIPFFBJ66EA,12,.06,見其他登記事項,鋼筋混凝土造,98年1月21日,十三層,一層
RPTOMLQKJIPFFBJ66EA,12,123.90,住家用,鋼筋混凝土造,98年1月21日,十三層,十層
RPTOMLQKJIPFFBJ66EA,12,64.55,共有部分,鋼筋混凝土造,98年1月21日,十三層,
RPTOMLQKJIPFFBJ66EA,12,13.55,共有部分,鋼筋混凝土造,98年1月21日,十三層,
RPTOMLQKJIPFFBJ66EA,12,27.81,共有部分,鋼筋混凝土造,98年1月21日,十三層,
RPUOMLQKJIPFFBJ76EA,10,69.33,住家用,鋼筋混凝土造,99年12月31日,十二層,十二層
RPUOMLQKJIPFFBJ76EA,10,17.25,見其他登記事項,鋼筋混凝土造,99年12月31日,十二層,
RPUOMLQKJIPFFBJ76EA,10,51.05,見其他登記事項,鋼筋混凝土造,99年12月31日,十二層,
RPQOMLRLIIPFFDJ56DA,,162.84,見其他登記事項,鋼筋混凝土造,109年5月6日,三層,一層 二層 三層
RPSOMLTLRHPFFDJ77DA,13,212.27,見其他登記事項,鋼筋混凝土造,96年4月10日,三層,一層 二層 三層 地下一層
RPSOMLTLRHPFFDJ77DA,13,13.20,見其他登記事項,鋼筋混凝土造,96年4月10日,三層,
RPVOMLQKJIPFFBJ86EA,16,.12,見其他登記事項,鋼筋混凝土造,94年1月11日,二十一層,一層
RPVOMLQKJIPFFBJ86EA,16,195.98,住家用,鋼筋混凝土造,94年1月11日,二十一層,十四層
RPVOMLQKJIPFFBJ86EA,16,.03,共用部分,鋼筋混凝土造,94年1月11日,二十一層,
RPVOMLQKJIPFFBJ86EA,16,45.06,共用部分,鋼筋混凝土造,94年1月11日,二十一層,
RPVOMLQKJIPFFBJ86EA,16,86.27,共用部分,鋼筋混凝土造,94年1月11日,二十一層,
RPVOMLQKJIPFFBJ86EA,16,22.05,共用部分,鋼筋混凝土造,94年1月11日,二十一層,
RPQNMLRKJIPFFBJ98EA,4,64.47,住家用,鋼筋混凝土造,105年6月8日,二十七層,十四層
RPQNMLRKJIPFFBJ98EA,4,19.88,見其他登記事項,鋼筋混凝土造,105年6月8日,二十七層,
RPQNMLRKJIPFFBJ98EA,4,40.68,見其他登記事項,鋼筋混凝土造,105年6月8日,二十七層,
RPQOMLQKJIPFFBJ98EA,25,31.53,共有部分,鋼筋混凝土造,84年10月28日,十二層,
RPQOMLQKJIPFFBJ98EA,25,28.48,共有部分,鋼筋混凝土造,84年10月28日,十二層,
RPQOMLQKJIPFFBJ98EA,25,202.67,商業用,鋼筋混凝土造,84年10月28日,十二層,二層
RPVPMLTKJIPFFBJ27EA,2,77.86,住家用,鋼筋混凝土造,107年6月25日,十五層,十三層
RPVPMLTKJIPFFBJ27EA,2,79.11,見其他登記事項,鋼筋混凝土造,107年6月25日,十五層,
RPVPMLTKJIPFFBJ27EA,2,30.37,見其他登記事項,鋼筋混凝土造,107年6月25日,十五層,
RPRNMLSKJIPFFBJ56EA,4,57.97,住家用,鋼筋混凝土造,105年6月8日,二十七層,十四層
RPRNMLSKJIPFFBJ56EA,4,17.87,見其他登記事項,鋼筋混凝土造,105年6月8日,二十七層,
RPRNMLSKJIPFFBJ56EA,4,35.42,見其他登記事項,鋼筋混凝土造,105年6月8日,二十七層,
RPPNMLSKJIPFFDJ09DA,,52.90,商業用,加強磚造,,一層,一層
RPTOMLMLIIPFFDJ98DA,,261.17,見其他登記事項,鋼筋混凝土造,109年5月6日,四層,一層 二層 三層 四層 屋頂突出物
RPSOMLNKJIPFFDJ98DA,16,155.48,住家用,鋼筋混凝土造,94年1月30日,四層,一層 二層 三層 四層
RPROMLNKJIPFFDJ88DA,27,88.57,住家用,鋼筋混凝土造,83年2月24日,五層,五層
RPROMLNKJIPFFDJ88DA,27,10.80,見其他登記事項,鋼筋混凝土造,83年2月24日,五層,
RPROMLNKJIPFFDJ88DA,27,31.66,見其他登記事項,鋼筋混凝土造,83年2月24日,五層,
RPROMLSKJIPFFBJ56DA,14,61.97,住家用,鋼筋混凝土造,95年5月19日,十二層,五層
RPROMLSKJIPFFBJ56DA,14,.11,見其他登記事項,鋼筋混凝土造,95年5月19日,十二層,一層
RPROMLSKJIPFFBJ56DA,14,23.04,共有部分,鋼筋混凝土造,95年5月19日,十二層,
RPROMLSKJIPFFBJ56DA,14,30.63,共有部分,鋼筋混凝土造,95年5月19日,十二層,
RPWOMLSKJIPFFBJ07DA,15,.08,見其他登記事項,鋼筋混凝土造,94年11月18日,九層,一層
RPWOMLSKJIPFFBJ07DA,15,121.70,住家用,鋼筋混凝土造,94年11月18日,九層,六層
RPWOMLSKJIPFFBJ07DA,15,14.43,共有部分,鋼筋混凝土造,94年11月18日,九層,
RPWOMLSKJIPFFBJ07DA,15,28.75,共有部分,鋼筋混凝土造,94年11月18日,九層,
RPWOMLSKJIPFFBJ07DA,15,28.73,共有部分,鋼筋混凝土造,94年11月18日,九層,
RPWNMLRKJIPFFDJ07DA,,97.60,住家用,加強磚造,,二層,一層 二層
RPPOMLQKJIPFFDJ98DA,28,66.61,住商用,鋼筋混凝土造,82年3月11日,七層,一層
RPPOMLQKJIPFFDJ98DA,28,14.60,共有部分,鋼筋混凝土造,82年3月11日,七層,
RPTQMLNKJIPFFBJ09DA,6,122.34,住家用,鋼筋混凝土造,104年2月17日,十四層,二層
RPTQMLNKJIPFFBJ09DA,6,92.55,見其他登記事項,鋼筋混凝土造,104年2月17日,十四層,
RPROMLRJIIPFFDJ09DA,25,84.25,住家用,鋼筋混凝土造,84年8月30日,五層,四層
RPROMLRJIIPFFDJ09DA,25,12.02,共有部分,鋼筋混凝土造,84年8月30日,五層,
RPROMLRJIIPFFDJ09DA,25,1.49,共有部分,鋼筋混凝土造,84年8月30日,五層,
RPQPMLMKJIPFFBJ58DA,3,100.50,住家用,鋼筋混凝土造,106年7月5日,二十層,十一層
RPQPMLMKJIPFFBJ58DA,3,12.78,見其他登記事項,鋼筋混凝土造,106年7月5日,二十二層,
RPQPMLMKJIPFFBJ58DA,3,45.57,見其他登記事項,鋼筋混凝土造,106年7月5日,二十層,
RPQPMLMKJIPFFBJ58DA,3,38.83,見其他登記事項,鋼筋混凝土造,106年7月5日,二十二層,
RPQPMLMKJIPFFBJ58DA,3,3.85,見其他登記事項,鋼筋混凝土造,106年7月5日,二十二層,
RPPOMLRKJIPFFBJ88DA,15,54.11,住家用,鋼筋混凝土造,94年11月14日,十五層,五層
RPPOMLRKJIPFFBJ88DA,15,6.84,共有部分,鋼筋混凝土造,94年11月14日,十五層,
RPPOMLRKJIPFFBJ88DA,15,11.38,共有部分,鋼筋混凝土造,94年11月14日,十五層,
RPPNMLSKJIPFFBJ88DA,28,170.27,住家用,鋼筋混凝土造,81年8月28日,三層,一層 二層 三層
RPQSMLKKJIPFFBJ68DA,2,52.91,住家用,鋼筋混凝土造,107年10月26日,十五層,十一層
RPQSMLKKJIPFFBJ68DA,2,20.44,見其他登記事項,鋼筋混凝土造,107年10月26日,十五層,
RPQSMLKKJIPFFBJ68DA,2,38.28,見其他登記事項,鋼筋混凝土造,107年10月26日,十五層,
RPQPMLPJJIPFFBJ78DA,8,145.96,住家用,鋼筋混凝土造,101年10月12日,十五層,十四層
RPQPMLPJJIPFFBJ78DA,8,107.83,見其他登記事項,鋼筋混凝土造,101年10月12日,十五層,
RPQPMLPJJIPFFBJ78DA,8,27.51,見其他登記事項,鋼筋混凝土造,101年10月12日,十五層,
RPTNMLSKJIPFFBJ66DA,3,175.28,住家用,鋼筋混凝土造,106年9月11日,十九層,四層
RPTNMLSKJIPFFBJ66DA,3,32.97,見其他登記事項,鋼筋混凝土造,106年9月11日,十九層,
RPTNMLSKJIPFFBJ66DA,3,117.77,見其他登記事項,鋼筋混凝土造,106年9月11日,十九層,
RPRNMLNJJIPFFBJ48DA,4,111.01,商業用,鋼筋混凝土造,105年6月6日,十四層,一層 見其他登記事項
RPRNMLNJJIPFFBJ48DA,4,100.79,見其他登記事項,鋼筋混凝土造,105年6月6日,十四層,
RPQOMLNJJIPFFBJ48DA,14,405.70,住商用,鋼筋混凝土造,95年6月16日,四層,一層 二層 三層 四層
RPWNMLKMIIPFFBJ88DA,,199.74,見其他登記事項,鋼筋混凝土造,109年6月20日,四層,一層 二層 三層 四層 屋頂突出物
RPWNMLMJJIPFFBJ88DA,1,81.90,住家用,鋼筋混凝土造,109年4月16日,十一層,三層
RPWNMLMJJIPFFBJ88DA,1,61.55,見其他登記事項,鋼筋混凝土造,109年4月16日,十一層,
RPRPMLTKIIPFFBJ66DA,4,58.57,住家用,鋼筋混凝土造,105年11月1日,二十三層,二十層
RPRPMLTKIIPFFBJ66DA,4,39.67,見其他登記事項,鋼筋混凝土造,105年11月1日,二十三層,
RPRPMLTKIIPFFBJ66DA,4,20.19,見其他登記事項,鋼筋混凝土造,105年11月1日,二十三層,
